"Tweet id","Tweet permalink","Tweet text","time","impressions","engagements","engagement rate","retweets","replies","likes","user profile clicks","url clicks","hashtag clicks","detail expands","permalink clicks","app opens","app installs","follows","email tweet","dial phone","media views","media engagements","promoted impressions","promoted engagements","promoted engagement rate","promoted retweets","promoted replies","promoted likes","promoted user profile clicks","promoted url clicks","promoted hashtag clicks","promoted detail expands","promoted permalink clicks","promoted app opens","promoted app installs","promoted follows","promoted email tweet","promoted dial phone","promoted media views","promoted media engagements"
"1344762094198075394","https://twitter.com/OldTechAdverts/status/1344762094198075394","@alangarf I was hoping to call my 2020 a bad dream when I wake up tomorrow and be done with it. I wish your 2021 is a great year.","2020-12-31 21:47 +0000","54.0","1.0","0.018518518518518517","0.0","0.0","1.0","0.0","0.0","0.0","0.0","0.0","0","0","0","0","0","0","0","-","-","-","-","-","-","-","-","-","-","-","-","-","-","-","-","-","-"
"1344758353889812481","https://twitter.com/OldTechAdverts/status/1344758353889812481","Back in the 1992, the boom in the computers give the punters a different way to generate an income. This one is a bit dodgy. Each call is 5min and will cost about ¬£2.50. 1000s would have to call to make a profit.
https://t.co/Zh1006ke0j
#Retrocomputing https://t.co/TfMsJdq7vX","2020-12-31 21:32 +0000","326.0","32.0","0.09815950920245399","1.0","0.0","5.0","0.0","0.0","0.0","1.0","0.0","0","0","0","0","0","25","25","-","-","-","-","-","-","-","-","-","-","-","-","-","-","-","-","-","-"
"1344753890865143808","https://twitter.com/OldTechAdverts/status/1344753890865143808","@ampyourgrowth Had me at combination of Twitter and edit. üòÇüòÇüëç","2020-12-31 21:14 +0000","62.0","2.0","0.03225806451612903","0.0","0.0","1.0","1.0","0.0","0.0","0.0","0.0","0","0","0","0","0","0","0","-","-","-","-","-","-","-","-","-","-","-","-","-","-","-","-","-","-"
"1344732197232795648","https://twitter.com/OldTechAdverts/status/1344732197232795648","@swartz_de @PLT_cheater @r0_hw That calculator collection is really cool.","2020-12-31 19:48 +0000","95.0","6.0","0.06315789473684211","0.0","1.0","3.0","0.0","0.0","0.0","2.0","0.0","0","0","0","0","0","0","0","-","-","-","-","-","-","-","-","-","-","-","-","-","-","-","-","-","-"
"1344697986350260225","https://twitter.com/OldTechAdverts/status/1344697986350260225","Creator for the #AtariST computers were THE #MIDI sequencing tool back in the day. It morphed into LogicPro and got acquired by #Apple.

#Retrogames #Atari #retroaudio https://t.co/yjlZAEEoko","2020-12-31 17:32 +0000","607.0","37.0","0.060955518945634266","5.0","0.0","12.0","0.0","1.0","0.0","1.0","0.0","0","0","0","0","0","18","18","-","-","-","-","-","-","-","-","-","-","-","-","-","-","-","-","-","-"
"1344676946668613635","https://twitter.com/OldTechAdverts/status/1344676946668613635","Networking for computers back in 1991 is not a straight forward. Different connector, speed and protocol. This 10BaseT Hub makes it a bit easier by sticking to network standard. 
https://t.co/1m93y7Zbx3
#Retrocomputing #Retrotech #Apple https://t.co/358nKkcYve","2020-12-31 16:09 +0000","453.0","49.0","0.10816777041942605","3.0","0.0","6.0","0.0","0.0","0.0","3.0","0.0","0","0","0","0","0","37","37","-","-","-","-","-","-","-","-","-","-","-","-","-","-","-","-","-","-"
"1344653782077104133","https://twitter.com/OldTechAdverts/status/1344653782077104133","Formula One Grand Prix from . Full sport simulation of the game. Can do a single race as well as an entire season for the world championship!
https://t.co/3cP5OMjqqg
#Retrogames #Atari #Amiga https://t.co/71vizwVqeb","2020-12-31 14:36 +0000","493.0","41.0","0.08316430020283976","2.0","2.0","12.0","0.0","1.0","3.0","4.0","0.0","0","0","0","0","0","17","17","-","-","-","-","-","-","-","-","-","-","-","-","-","-","-","-","-","-"
"1344650663721099265","https://twitter.com/OldTechAdverts/status/1344650663721099265","@jimblimey Have you a Happy New Year as well!! https://t.co/G95u9haATE","2020-12-31 14:24 +0000","80.0","4.0","0.05","0.0","2.0","2.0","0.0","0.0","0.0","0.0","0.0","0","0","0","0","0","14","0","-","-","-","-","-","-","-","-","-","-","-","-","-","-","-","-","-","-"
"1344637557129228290","https://twitter.com/OldTechAdverts/status/1344637557129228290","Back in 1991. Low cost #AppleMac are still in the 1000s of dollars. SuperMacs are graphic cards for the LC and the IIsi so that large displays can be used. Noticed that cool monitor stands used. 
https://t.co/MbiHqGVqcz
#Retrocomputing #Apple https://t.co/CCZMXAdYMj","2020-12-31 13:32 +0000","1245.0","160.0","0.1285140562248996","4.0","0.0","8.0","0.0","1.0","1.0","6.0","0.0","0","0","0","0","0","140","140","-","-","-","-","-","-","-","-","-","-","-","-","-","-","-","-","-","-"
"1344606396659195905","https://twitter.com/OldTechAdverts/status/1344606396659195905","Thanks to @WGAC_Warragul for providing a scan of this amazing advert!","2020-12-31 11:28 +0000","259.0","3.0","0.011583011583011582","0.0","0.0","1.0","0.0","0.0","0.0","2.0","0.0","0","0","0","0","0","0","0","-","-","-","-","-","-","-","-","-","-","-","-","-","-","-","-","-","-"
"1344577192509005824","https://twitter.com/OldTechAdverts/status/1344577192509005824","OMAR is to help with Backgammon. It comes with a #Backgammon board set.

#Retrogames #Electronics https://t.co/qYgFdTDeXI","2020-12-31 09:32 +0000","593.0","48.0","0.08094435075885328","3.0","1.0","7.0","0.0","0.0","0.0","3.0","0.0","0","0","0","0","0","34","34","-","-","-","-","-","-","-","-","-","-","-","-","-","-","-","-","-","-"
"1344540620556279808","https://twitter.com/OldTechAdverts/status/1344540620556279808","Tasword 8000 is a word processor from Tasman Software. Wonder if the owner is from Tasmania. Great features such as spell checker and different fonts.
https://t.co/vRk0qqFXFg
#Retrocomputing #Amstrad https://t.co/6GIVH3FYBe","2020-12-31 07:07 +0000","385.0","20.0","0.05194805194805195","2.0","0.0","5.0","0.0","1.0","0.0","2.0","0.0","0","0","0","0","0","10","10","-","-","-","-","-","-","-","-","-","-","-","-","-","-","-","-","-","-"
"1344516757411790848","https://twitter.com/OldTechAdverts/status/1344516757411790848","Aprom is a EEPROM programmer, suitable for the 2764 or 27128. I am wondering what kind of software would you want to be executed from EEPROM?
https://t.co/DVZOiLUasr
#Retrocomputing #Atari https://t.co/8iIeCrKvuM","2020-12-31 05:32 +0000","345.0","26.0","0.07536231884057971","1.0","1.0","2.0","0.0","1.0","0.0","1.0","0.0","0","0","0","0","0","20","20","-","-","-","-","-","-","-","-","-","-","-","-","-","-","-","-","-","-"
"1344456392250445827","https://twitter.com/OldTechAdverts/status/1344456392250445827","An advert for The Compleat Strategist game center in the US. The design of the skull is pretty cool. Looks like something straight out of Indiana Jones and the Temple of Doom movie. HT to 

#Retrogames https://t.co/mmC9nwPZQc","2020-12-31 01:32 +0000","1114.0","64.0","0.05745062836624776","5.0","1.0","11.0","0.0","0.0","0.0","0.0","0.0","0","0","0","0","0","47","47","-","-","-","-","-","-","-","-","-","-","-","-","-","-","-","-","-","-"
"1344404203716931592","https://twitter.com/OldTechAdverts/status/1344404203716931592","@retrogaminggeek Download a mp3 via Audiogalaxy that took about 15 mins at  9600bps. üëç","2020-12-30 22:05 +0000","254.0","7.0","0.027559055118110236","0.0","2.0","4.0","0.0","0.0","0.0","1.0","0.0","0","0","0","0","0","0","0","-","-","-","-","-","-","-","-","-","-","-","-","-","-","-","-","-","-"
"1344403764527173633","https://twitter.com/OldTechAdverts/status/1344403764527173633","This year, we had the Atari VCS, and ZX Spectrum Next. 

As we are switching from 2020 to 2021, what is your most anticipated retro event for 2021?

#RetroComputing #RetroGames","2020-12-30 22:03 +0000","416.0","7.0","0.016826923076923076","1.0","2.0","1.0","0.0","0.0","0.0","3.0","0.0","0","0","0","0","0","0","0","-","-","-","-","-","-","-","-","-","-","-","-","-","-","-","-","-","-"
"1344399072644444160","https://twitter.com/OldTechAdverts/status/1344399072644444160","When I played this game, I assumed that reading the books and listening to the radio plays would help with solving the puzzles. Bad assumption on my part. https://t.co/GyXHrIrlgC","2020-12-30 21:44 +0000","335.0","12.0","0.03582089552238806","1.0","0.0","6.0","0.0","0.0","0.0","2.0","0.0","0","0","0","0","0","56","3","-","-","-","-","-","-","-","-","-","-","-","-","-","-","-","-","-","-"
"1344398270848765953","https://twitter.com/OldTechAdverts/status/1344398270848765953","Address Book Plus 2.0 has a cool feature that prints your data out into a nice booklet format. If you lots of phone numbers and addresses, searching it would be a nightmare. This comes with MacTools.
https://t.co/HkYcMZSAsA
#Retrocomputing #Apple https://t.co/rnMKFl7CN2","2020-12-30 21:41 +0000","447.0","38.0","0.08501118568232663","4.0","0.0","4.0","1.0","0.0","0.0","6.0","0.0","0","0","0","0","0","23","23","-","-","-","-","-","-","-","-","-","-","-","-","-","-","-","-","-","-"
"1344395965432811528","https://twitter.com/OldTechAdverts/status/1344395965432811528","The key in the OCR is the SW. The scanner has to be good enough resolution for the OCR to do the analysis. Handheld scanning is problematic as you need a steady hand and ability to move at same speed. 
https://t.co/HQi0FJOqn0
#Retrocomputing #Retrotech #Apple https://t.co/FfQ1qwxPkW","2020-12-30 21:32 +0000","367.0","15.0","0.04087193460490463","2.0","1.0","3.0","0.0","0.0","0.0","1.0","0.0","0","0","0","0","0","8","8","-","-","-","-","-","-","-","-","-","-","-","-","-","-","-","-","-","-"
"1344335569170665474","https://twitter.com/OldTechAdverts/status/1344335569170665474","The hitchhiker's guide to the galaxy form Infocom. The puzzles in the game were OK but the story is much better in the books and radio plays. Douglas Adams helped with the game's creation.
https://t.co/LsTiAe58bw
#Retrotech #Amstrad https://t.co/vm5e1uumfw","2020-12-30 17:32 +0000","1272.0","106.0","0.08333333333333333","5.0","5.0","14.0","1.0","3.0","0.0","8.0","0.0","0","0","0","0","0","70","70","-","-","-","-","-","-","-","-","-","-","-","-","-","-","-","-","-","-"
"1344325563062902785","https://twitter.com/OldTechAdverts/status/1344325563062902785","La Cie Silverscanner gives up to 1200dpi and free Adobe Photoshop the full version. Does having a company with $400M in assets make any difference if it was $400M in cash? Hmm..interesting thought.
https://t.co/j7ccYYIlvA
#Retrocomputing #Retrotech #Apple https://t.co/s6tgjbVFxs","2020-12-30 16:52 +0000","396.0","26.0","0.06565656565656566","2.0","1.0","2.0","0.0","0.0","0.0","0.0","0.0","0","0","0","0","0","21","21","-","-","-","-","-","-","-","-","-","-","-","-","-","-","-","-","-","-"
"1344275167699226625","https://twitter.com/OldTechAdverts/status/1344275167699226625","Fear of harmful radiation was big news back in 1991. Here is an offer from NoRad that claims to reduced 99.9999% of radiation. Was there an instrument that can measure with such accuracy?
https://t.co/gCDTFcIlEd
#Retrocomputing #Apple https://t.co/oAcidlYtJK","2020-12-30 13:32 +0000","525.0","58.0","0.11047619047619048","2.0","3.0","4.0","0.0","0.0","0.0","10.0","0.0","0","0","0","0","0","39","39","-","-","-","-","-","-","-","-","-","-","-","-","-","-","-","-","-","-"
"1344223915887964160","https://twitter.com/OldTechAdverts/status/1344223915887964160","@Finselbix Tight but nice setup!","2020-12-30 10:08 +0000","87.0","1.0","0.011494252873563218","0.0","0.0","1.0","0.0","0.0","0.0","0.0","0.0","0","0","0","0","0","0","0","-","-","-","-","-","-","-","-","-","-","-","-","-","-","-","-","-","-"
"1344223512194637826","https://twitter.com/OldTechAdverts/status/1344223512194637826","@sonophoto100doc @tehnyit Yep, used HylaFAX back in the day. It was pretty cool. I think you can setup a network of fax servers around the world to avoid international dialing charges with Hylafax.","2020-12-30 10:07 +0000","18.0","1.0","0.05555555555555555","0.0","0.0","1.0","0.0","0.0","0.0","0.0","0.0","0","0","0","0","0","0","0","-","-","-","-","-","-","-","-","-","-","-","-","-","-","-","-","-","-"
"1344214769272811520","https://twitter.com/OldTechAdverts/status/1344214769272811520","Bundesliga Manager where you are a manager of a national league football team. Also comes with a large poster and an illustrated handbook.
https://t.co/s45w8F1Q5G
#Retrogames #Amiga https://t.co/2fvjxZvEo0","2020-12-30 09:32 +0000","276.0","7.0","0.025362318840579712","1.0","0.0","2.0","0.0","0.0","0.0","0.0","0.0","0","0","0","0","0","4","4","-","-","-","-","-","-","-","-","-","-","-","-","-","-","-","-","-","-"
"1344188902798749696","https://twitter.com/OldTechAdverts/status/1344188902798749696","EPIC from Ocean software for the #Amiga computers. Looks to be a 3D shoot'em up. The pilot looks like he is flying an X-Wing fighter.
https://t.co/34siXgyF4R
#Retrogames #16bitlove https://t.co/GGA1hr1sqi","2020-12-30 07:49 +0000","1597.0","207.0","0.12961803381340012","4.0","4.0","28.0","0.0","4.0","0.0","27.0","0.0","0","0","0","0","0","140","140","-","-","-","-","-","-","-","-","-","-","-","-","-","-","-","-","-","-"
"1344187737071607808","https://twitter.com/OldTechAdverts/status/1344187737071607808","@bitnacht That's smart.  The cost is of transmitting the copy is the only problem here, but still cheaper than a scanner.","2020-12-30 07:45 +0000","38.0","0.0","0.0","0.0","0.0","0.0","0.0","0.0","0.0","0.0","0.0","0","0","0","0","0","0","0","-","-","-","-","-","-","-","-","-","-","-","-","-","-","-","-","-","-"
"1344154373010694144","https://twitter.com/OldTechAdverts/status/1344154373010694144","Yes, Fax was still around in 1991, although we have advanced for it to be paperless. DoveFax is a modem, fax combo that is quite popular in 1991. I think Hayes and the others also has a similar combo.
https://t.co/vYTrCd96Fp
#Retrocomputing #Apple https://t.co/LGudYsPZ2y","2020-12-30 05:32 +0000","555.0","38.0","0.06846846846846846","4.0","2.0","3.0","0.0","0.0","0.0","5.0","0.0","0","0","0","0","0","24","24","-","-","-","-","-","-","-","-","-","-","-","-","-","-","-","-","-","-"
"1344093981165187075","https://twitter.com/OldTechAdverts/status/1344093981165187075","Kodak produced a compatible printer for the #AppleMac computers as well as DOS. Quite fast at 16ppm as well as a being copier.
Too bad they went bankrupt. Their cameras were good for the man on the street.
https://t.co/0wYYTkTHpl
#Retrocomputing #Retrotech https://t.co/OLZpLxC8JS","2020-12-30 01:32 +0000","397.0","23.0","0.05793450881612091","1.0","0.0","3.0","1.0","0.0","0.0","2.0","0.0","0","0","0","0","0","16","16","-","-","-","-","-","-","-","-","-","-","-","-","-","-","-","-","-","-"
"1344062690113761280","https://twitter.com/OldTechAdverts/status/1344062690113761280","Datasoft with four games with a ""Down to earth price"". I've played Maniac Miner. It is a pretty cool platform game.
https://t.co/DVZOiLUasr
#Retrogames #Atari #8bitlove https://t.co/h9RhKWZybd","2020-12-29 23:28 +0000","392.0","28.0","0.07142857142857142","1.0","0.0","4.0","0.0","0.0","0.0","4.0","0.0","0","0","0","0","0","19","19","-","-","-","-","-","-","-","-","-","-","-","-","-","-","-","-","-","-"
"1344038894048858114","https://twitter.com/OldTechAdverts/status/1344038894048858114","This advert from Fostex is really cool. It erupts functionality and coolness. 

#Retrotech #retroaudio https://t.co/u3cbhwKwQL","2020-12-29 21:53 +0000","675.0","75.0","0.1111111111111111","2.0","0.0","14.0","2.0","0.0","0.0","4.0","0.0","0","0","0","0","0","53","53","-","-","-","-","-","-","-","-","-","-","-","-","-","-","-","-","-","-"
"1344037680968065024","https://twitter.com/OldTechAdverts/status/1344037680968065024","@f00n Cool story. Imagine the pressure on the poor chap to not stuff up.","2020-12-29 21:48 +0000","14.0","1.0","0.07142857142857142","0.0","0.0","1.0","0.0","0.0","0.0","0.0","0.0","0","0","0","0","0","0","0","-","-","-","-","-","-","-","-","-","-","-","-","-","-","-","-","-","-"
"1344034208898031616","https://twitter.com/OldTechAdverts/status/1344034208898031616","QBert was a pretty cool platform game. It is an other Parker Brothers games. Also available on many systems including TI99/4A and VIC20.
https://t.co/DVZOiLUasr
#Retrogames #Apple #Atari #Commodore64 https://t.co/AHC4SyA3zb","2020-12-29 21:35 +0000","1207.0","105.0","0.08699254349627175","5.0","2.0","16.0","2.0","1.0","4.0","13.0","0.0","0","0","0","0","0","62","62","-","-","-","-","-","-","-","-","-","-","-","-","-","-","-","-","-","-"
"1343947164276432902","https://twitter.com/OldTechAdverts/status/1343947164276432902","@sincespacies Have a good one mate.","2020-12-29 15:49 +0000","58.0","1.0","0.017241379310344827","0.0","0.0","1.0","0.0","0.0","0.0","0.0","0.0","0","0","0","0","0","0","0","-","-","-","-","-","-","-","-","-","-","-","-","-","-","-","-","-","-"
"1343945374906671107","https://twitter.com/OldTechAdverts/status/1343945374906671107","@TrollTV4K60 @r3trogam3boy @oskool_g @77HavoK @GayTechTV @ShunuSweet @Jaydecai @MenaceZone @RedDeadChief_ @MasaSusec @joanthejoker123 @SweshiGaming @Hamster10949727 @madlyalt @LazyManGriff @FailedPyro @David1H20 @TechNoir_Talks @GamerBuilder2 Onwards and upwards!","2020-12-29 15:42 +0000","101.0","7.0","0.06930693069306931","0.0","0.0","2.0","1.0","0.0","0.0","4.0","0.0","0","0","0","0","0","0","0","-","-","-","-","-","-","-","-","-","-","-","-","-","-","-","-","-","-"
"1343943296964562944","https://twitter.com/OldTechAdverts/status/1343943296964562944","@aradiogurl Sounds like a plan.","2020-12-29 15:33 +0000","69.0","3.0","0.043478260869565216","0.0","0.0","2.0","0.0","0.0","0.0","1.0","0.0","0","0","0","0","0","0","0","-","-","-","-","-","-","-","-","-","-","-","-","-","-","-","-","-","-"
"1343852384762679296","https://twitter.com/OldTechAdverts/status/1343852384762679296","Computer Palace adverts is a mainstay in all Atari 8bit magazines. Was tempted to send for a catalogue to Australia, but would have taken a long time to get it.
https://t.co/DVZOiLUasr
#Retrocomputing #Atari https://t.co/umcvGxCD7h","2020-12-29 09:32 +0000","680.0","48.0","0.07058823529411765","3.0","0.0","9.0","0.0","0.0","0.0","5.0","0.0","0","0","0","0","0","31","31","-","-","-","-","-","-","-","-","-","-","-","-","-","-","-","-","-","-"
"1343835980718071808","https://twitter.com/OldTechAdverts/status/1343835980718071808","@the_jongleur Ain't that the truth. https://t.co/pLPC3Spei0","2020-12-29 08:27 +0000","17.0","3.0","0.17647058823529413","0.0","0.0","1.0","0.0","0.0","0.0","0.0","0.0","0","0","0","0","0","2","2","-","-","-","-","-","-","-","-","-","-","-","-","-","-","-","-","-","-"
"1343828878998052864","https://twitter.com/OldTechAdverts/status/1343828878998052864","@Finselbix @drkninja2k5 G'day","2020-12-29 07:59 +0000","63.0","3.0","0.047619047619047616","0.0","1.0","1.0","1.0","0.0","0.0","0.0","0.0","0","0","0","0","0","0","0","-","-","-","-","-","-","-","-","-","-","-","-","-","-","-","-","-","-"
"1343791987745566721","https://twitter.com/OldTechAdverts/status/1343791987745566721","Software Plus advertising their range of software titles. Zaxxon was pretty cool as was Ultima II. Which one is your favourite?
https://t.co/DVZOiLUasr
#Retrogames #Atari #Commodore64 #8bitlove https://t.co/HYrhjkRkTm","2020-12-29 05:32 +0000","601.0","43.0","0.07154742096505824","3.0","2.0","8.0","3.0","1.0","0.0","3.0","0.0","0","0","0","0","0","23","23","-","-","-","-","-","-","-","-","-","-","-","-","-","-","-","-","-","-"
"1343731593324724224","https://twitter.com/OldTechAdverts/status/1343731593324724224","Heracles is a graphic adventure maze game. 12 levels filled with puzzles. 
https://t.co/DVZOiLUasr
#Retrogames #Atari https://t.co/8itaCOB52P","2020-12-29 01:32 +0000","407.0","16.0","0.03931203931203931","1.0","1.0","3.0","0.0","2.0","0.0","0.0","0.0","0","0","0","0","0","9","9","-","-","-","-","-","-","-","-","-","-","-","-","-","-","-","-","-","-"
"1343680001359622146","https://twitter.com/OldTechAdverts/status/1343680001359622146","@russty_russ In Australia, we had Home and Away, and Neighbours. Would have preferred The Simpsons.","2020-12-28 22:07 +0000","295.0","3.0","0.010169491525423728","0.0","0.0","1.0","2.0","0.0","0.0","0.0","0.0","0","0","0","0","0","0","0","-","-","-","-","-","-","-","-","-","-","-","-","-","-","-","-","-","-"
"1343673466671783945","https://twitter.com/OldTechAdverts/status/1343673466671783945","@f00n Too bad for the low quality. Even at these prices, it was still quite a lot of money back in the day for most of us, especially when it only lasts for a few years.","2020-12-28 21:41 +0000","10.0","3.0","0.3","0.0","1.0","2.0","0.0","0.0","0.0","0.0","0.0","0","0","0","0","0","0","0","-","-","-","-","-","-","-","-","-","-","-","-","-","-","-","-","-","-"
"1343671192637616134","https://twitter.com/OldTechAdverts/status/1343671192637616134","Claris is the standard drawing program for the #AppleMac computers. It may not have all the features but it is as ubiquitous as Paint in the Windows computers.
https://t.co/eMkgLBof0U
#Retrocomputing #Retrotech #Apple https://t.co/c784XsgfQq","2020-12-28 21:32 +0000","641.0","47.0","0.07332293291731669","4.0","0.0","12.0","0.0","0.0","0.0","6.0","0.0","0","0","0","0","0","25","25","-","-","-","-","-","-","-","-","-","-","-","-","-","-","-","-","-","-"
"1343660720488140800","https://twitter.com/OldTechAdverts/status/1343660720488140800","Thread üëá for a bit of #zxspectrum history.

#retrocomputing https://t.co/3OtkFMtI0h","2020-12-28 20:50 +0000","381.0","8.0","0.02099737532808399","0.0","1.0","6.0","0.0","0.0","0.0","1.0","0.0","0","0","0","0","0","0","0","-","-","-","-","-","-","-","-","-","-","-","-","-","-","-","-","-","-"
"1343659072403492870","https://twitter.com/OldTechAdverts/status/1343659072403492870","Fully automatic washing machine is an amazing tech, especially a front loader. This one from Imperial looks has an affordable payment plans over 156 weekly payments.

#Retrotech #hometech https://t.co/7wmNZGZvOl","2020-12-28 20:44 +0000","448.0","30.0","0.06696428571428571","1.0","0.0","5.0","1.0","0.0","0.0","3.0","0.0","0","0","0","0","0","20","20","-","-","-","-","-","-","-","-","-","-","-","-","-","-","-","-","-","-"
"1343652060995215362","https://twitter.com/OldTechAdverts/status/1343652060995215362","@RandyMongenel Damm. It was a rare piece even in the 80s, especially in Australia.","2020-12-28 20:16 +0000","9.0","1.0","0.1111111111111111","0.0","0.0","1.0","0.0","0.0","0.0","0.0","0.0","0","0","0","0","0","0","0","-","-","-","-","-","-","-","-","-","-","-","-","-","-","-","-","-","-"
"1343651739237560330","https://twitter.com/OldTechAdverts/status/1343651739237560330","The games in Germany. The handbooks are in German. The game play would be in English, perhaps. Does anyone know? These are cracking games in any language.
https://t.co/1YdUYIEExY
#Retrogames #Atari #Amiga https://t.co/bZOFQm6jRb","2020-12-28 20:15 +0000","552.0","37.0","0.06702898550724638","3.0","2.0","2.0","0.0","0.0","0.0","6.0","0.0","0","0","0","0","0","24","24","-","-","-","-","-","-","-","-","-","-","-","-","-","-","-","-","-","-"
"1343637489731457026","https://twitter.com/OldTechAdverts/status/1343637489731457026","@SeasideChris Sneaky pricing games https://t.co/n9oATujUv3","2020-12-28 19:18 +0000","16.0","3.0","0.1875","0.0","1.0","1.0","0.0","0.0","0.0","0.0","0.0","0","0","0","0","0","4","1","-","-","-","-","-","-","-","-","-","-","-","-","-","-","-","-","-","-"
"1343610794278330368","https://twitter.com/OldTechAdverts/status/1343610794278330368","Modem, RS232 and Centronics interfaces in package for under ¬£150. But also another package for ¬£172. Hmm. Feels very expensive.
https://t.co/WcIQMStd3B
#Retrocomputing #Amstrad https://t.co/EMnxwh0L6V","2020-12-28 17:32 +0000","522.0","33.0","0.06321839080459771","2.0","2.0","4.0","0.0","0.0","0.0","9.0","0.0","0","0","0","0","0","16","16","-","-","-","-","-","-","-","-","-","-","-","-","-","-","-","-","-","-"
"1343608626573926403","https://twitter.com/OldTechAdverts/status/1343608626573926403","@KevEdwardsRetro Judging by the downward trend, she is already too late!","2020-12-28 17:23 +0000","189.0","1.0","0.005291005291005291","0.0","0.0","1.0","0.0","0.0","0.0","0.0","0.0","0","0","0","0","0","0","0","-","-","-","-","-","-","-","-","-","-","-","-","-","-","-","-","-","-"
"1343608451503677444","https://twitter.com/OldTechAdverts/status/1343608451503677444","@VintageVolts DId you use a analogue multimeter for that test? 

Sorry, was there to be said. üòÇü§£","2020-12-28 17:23 +0000","25.0","1.0","0.04","0.0","0.0","0.0","0.0","0.0","0.0","1.0","0.0","0","0","0","0","0","0","0","-","-","-","-","-","-","-","-","-","-","-","-","-","-","-","-","-","-"
"1343562974049546240","https://twitter.com/OldTechAdverts/status/1343562974049546240","These are super affordable headphones for the price, and also very portable. I bought my first one in mid 90s, and can't believe that they are still making the same model.
#retroaudio https://t.co/1CxXz4VcQl","2020-12-28 14:22 +0000","414.0","7.0","0.016908212560386472","1.0","0.0","5.0","0.0","0.0","0.0","1.0","0.0","0","0","0","0","0","0","0","-","-","-","-","-","-","-","-","-","-","-","-","-","-","-","-","-","-"
"1343550391317917696","https://twitter.com/OldTechAdverts/status/1343550391317917696","ATR8000 is a expansion module giving the Atari800 CPM abilities. Interfaces to Printers, Floppies and Modems. Can be upgraded to 16bit later as well.
https://t.co/DVZOiLUasr
#Retrocomputing #Atari https://t.co/adUbnxPNRb","2020-12-28 13:32 +0000","559.0","21.0","0.03756708407871199","3.0","1.0","4.0","0.0","1.0","0.0","2.0","0.0","0","0","0","0","0","10","10","-","-","-","-","-","-","-","-","-","-","-","-","-","-","-","-","-","-"
"1343550021648732161","https://twitter.com/OldTechAdverts/status/1343550021648732161","digital has published PATHWORKS which allows the #AppleMac computers to be networked. Gives you emails by LAN, backup services and access to database servers.
https://t.co/LLMw9AZ3sq
#Retrocomputing #Apple https://t.co/MSXBr6o2t4","2020-12-28 13:31 +0000","454.0","16.0","0.03524229074889868","3.0","0.0","1.0","0.0","0.0","0.0","0.0","0.0","0","0","0","0","0","12","12","-","-","-","-","-","-","-","-","-","-","-","-","-","-","-","-","-","-"
"1343536149306994688","https://twitter.com/OldTechAdverts/status/1343536149306994688","@trusteft Oops. I made a typo here. The RAM disk is empty when you booted up the computer as it cannot be preloaded with software.","2020-12-28 12:35 +0000","11.0","1.0","0.09090909090909091","0.0","0.0","0.0","0.0","0.0","0.0","1.0","0.0","0","0","0","0","0","0","0","-","-","-","-","-","-","-","-","-","-","-","-","-","-","-","-","-","-"
"1343535123548016640","https://twitter.com/OldTechAdverts/status/1343535123548016640","@trusteft My first RAM disk was on the Atari 130XE. It was only 64K but it was fast. Can't remember what I used it for as you can preload it with software.","2020-12-28 12:31 +0000","20.0","4.0","0.2","0.0","1.0","1.0","0.0","0.0","0.0","2.0","0.0","0","0","0","0","0","0","0","-","-","-","-","-","-","-","-","-","-","-","-","-","-","-","-","-","-"
"1343489996997574657","https://twitter.com/OldTechAdverts/status/1343489996997574657","Three column adverts. the RAMPOWER 128 is interesting. It is a SSD with a capacity of 128KB. 
https://t.co/DVZOiMbLjZ
#Retrocomputing #Retrotech #Atari https://t.co/GYVwOtVw9Z","2020-12-28 09:32 +0000","795.0","67.0","0.08427672955974842","4.0","1.0","13.0","0.0","0.0","0.0","6.0","0.0","0","0","0","0","0","43","43","-","-","-","-","-","-","-","-","-","-","-","-","-","-","-","-","-","-"
"1343429593802420224","https://twitter.com/OldTechAdverts/status/1343429593802420224","Avalon Hill had some really good strategy games based on historical events. Chris Crawford is known for Eastern Front (1941), wrote Legionaire. Source code for Eastern Front (1941) is available.
https://t.co/DVZOiLUasr
#Retrogames #Atari #8bitlove https://t.co/9hsj5dw7f9","2020-12-28 05:32 +0000","453.0","33.0","0.0728476821192053","3.0","2.0","8.0","0.0","0.0","0.0","5.0","0.0","0","0","0","0","0","15","15","-","-","-","-","-","-","-","-","-","-","-","-","-","-","-","-","-","-"
"1343369209905078273","https://twitter.com/OldTechAdverts/status/1343369209905078273","System3 with a platform game - Fuzzball. 50 levels of it. For just under 20 quid.
https://t.co/KODyZZuxej
#Retrogames #16bitlove #Amiga https://t.co/WiVwcnnlgA","2020-12-28 01:32 +0000","391.0","14.0","0.03580562659846547","1.0","0.0","1.0","0.0","0.0","0.0","0.0","0.0","0","0","0","0","0","12","12","-","-","-","-","-","-","-","-","-","-","-","-","-","-","-","-","-","-"
"1343343616920584195","https://twitter.com/OldTechAdverts/status/1343343616920584195","@sonophoto100doc @tehnyit Whether it is too tight or not would depend on the tech making / printing the logo back in 1965.","2020-12-27 23:50 +0000","108.0","0.0","0.0","0.0","0.0","0.0","0.0","0.0","0.0","0.0","0.0","0","0","0","0","0","0","0","-","-","-","-","-","-","-","-","-","-","-","-","-","-","-","-","-","-"
"1343325991977037825","https://twitter.com/OldTechAdverts/status/1343325991977037825","Although not strictly an advert, I came across this design of the #Commodore Logo. Too interesting not to share.
HT to the Commodore Company for sharing it.

#retrocomputing https://t.co/5TsO9p2Ut7","2020-12-27 22:40 +0000","5245.0","605.0","0.11534795042897998","15.0","6.0","74.0","12.0","2.0","1.0","71.0","0.0","0","0","0","0","0","424","424","-","-","-","-","-","-","-","-","-","-","-","-","-","-","-","-","-","-"
"1343308802045702155","https://twitter.com/OldTechAdverts/status/1343308802045702155","The card adds mroe power to your #AppleMac computers. Capable of 25MIPS and 3.6MFLOPS. Wonder how much it costs back in 1991?
https://t.co/gHxdUPc0Gh
#Retrocomputing #Apple #Electronics https://t.co/YIIKpogUMm","2020-12-27 21:32 +0000","468.0","33.0","0.07051282051282051","3.0","1.0","4.0","0.0","1.0","0.0","3.0","0.0","0","0","0","0","0","21","21","-","-","-","-","-","-","-","-","-","-","-","-","-","-","-","-","-","-"
"1343302299368763392","https://twitter.com/OldTechAdverts/status/1343302299368763392","@Mr_Xavier15 @ahl9 Only for the user manuals. üòÇ","2020-12-27 21:06 +0000","81.0","2.0","0.024691358024691357","0.0","1.0","1.0","0.0","0.0","0.0","0.0","0.0","0","0","0","0","0","0","0","-","-","-","-","-","-","-","-","-","-","-","-","-","-","-","-","-","-"
"1343289247491624962","https://twitter.com/OldTechAdverts/status/1343289247491624962","@StefanyAllaire @6502nerd Looks like a very well made and assembled bit of gear. What are you planning to use it for?","2020-12-27 20:14 +0000","115.0","4.0","0.034782608695652174","0.0","1.0","1.0","1.0","0.0","0.0","1.0","0.0","0","0","0","0","0","0","0","-","-","-","-","-","-","-","-","-","-","-","-","-","-","-","-","-","-"
"1343253462633603072","https://twitter.com/OldTechAdverts/status/1343253462633603072","@H95lx Perfect! Using the actual ROMs is the only way to ensure proper emulation. Just hope that the emulation of the microprocessor is good.","2020-12-27 17:52 +0000","21.0","1.0","0.047619047619047616","0.0","0.0","1.0","0.0","0.0","0.0","0.0","0.0","0","0","0","0","0","0","0","-","-","-","-","-","-","-","-","-","-","-","-","-","-","-","-","-","-"
"1343252318595256322","https://twitter.com/OldTechAdverts/status/1343252318595256322","This looks like a magical graphical adventure in the shape of a platform game. From System 3, the graphics on this advert is fantastic!
https://t.co/52jDwllkNv
#Retrogames #Atari #Commodore64 https://t.co/ZiH5kf1XiP","2020-12-27 17:48 +0000","395.0","20.0","0.05063291139240506","1.0","0.0","3.0","0.0","0.0","0.0","0.0","0.0","0","0","0","0","0","16","16","-","-","-","-","-","-","-","-","-","-","-","-","-","-","-","-","-","-"
"1343251689294409728","https://twitter.com/OldTechAdverts/status/1343251689294409728","@H95lx That is really cool. I love that it has that gray scaled colour on the keys and body as per the actual 48GX.","2020-12-27 17:45 +0000","78.0","2.0","0.02564102564102564","0.0","1.0","1.0","0.0","0.0","0.0","0.0","0.0","0","0","0","0","0","0","0","-","-","-","-","-","-","-","-","-","-","-","-","-","-","-","-","-","-"
"1343248404642754561","https://twitter.com/OldTechAdverts/status/1343248404642754561","Ocean adaption of Capt' Hook for as a video game. Also available for #Nintendo. 
https://t.co/x0jKeUBJ5b
#Retrogames #Atari #16bitlove https://t.co/o6kp1q8Tcs","2020-12-27 17:32 +0000","392.0","16.0","0.04081632653061224","1.0","1.0","3.0","0.0","0.0","0.0","0.0","0.0","0","0","0","0","0","11","11","-","-","-","-","-","-","-","-","-","-","-","-","-","-","-","-","-","-"
"1343237535997317129","https://twitter.com/OldTechAdverts/status/1343237535997317129","@ankurmehrotra I only played it on my computer back in the day. I remembered playing it for hours.","2020-12-27 16:49 +0000","16.0","0.0","0.0","0.0","0.0","0.0","0.0","0.0","0.0","0.0","0.0","0","0","0","0","0","0","0","-","-","-","-","-","-","-","-","-","-","-","-","-","-","-","-","-","-"
"1343187998763069441","https://twitter.com/OldTechAdverts/status/1343187998763069441","Monkey Wrench is a set of programming tools. It includes line renumbering, string exchange, hex conversion and others. It is a cartridge for the right hand slot, so instant load times!
https://t.co/DVZOiLUasr
#Retrocomputing #Atari #8bitlove https://t.co/PBagJjbMv9","2020-12-27 13:32 +0000","532.0","22.0","0.041353383458646614","3.0","0.0","2.0","0.0","0.0","0.0","2.0","0.0","0","0","0","0","0","15","15","-","-","-","-","-","-","-","-","-","-","-","-","-","-","-","-","-","-"
"1343183418922852357","https://twitter.com/OldTechAdverts/status/1343183418922852357","E-Machines offering your a 16"" display. 70% more viewing area when compared to a 13"" display. Hmm, can the #AppleMac switch to a higher resolution when used with a larger display?
https://t.co/LC1baN3qiW
#Retrocomputing #Retrotech #Apple https://t.co/T5H0N2EybT","2020-12-27 13:14 +0000","643.0","55.0","0.08553654743390357","4.0","0.0","8.0","0.0","2.0","0.0","19.0","0.0","0","0","0","0","0","22","22","-","-","-","-","-","-","-","-","-","-","-","-","-","-","-","-","-","-"
"1343166817737592832","https://twitter.com/OldTechAdverts/status/1343166817737592832","Let it be known that just after Christmas 2020, the great 8bit debate / war was re-ignited with a harmless tweet. :-)
#retrocomputing #ZXSpectrum #8bitlove #Atari #C64 https://t.co/e9O11B2hxQ","2020-12-27 12:08 +0000","775.0","35.0","0.04516129032258064","1.0","3.0","15.0","4.0","0.0","0.0","12.0","0.0","0","0","0","0","0","0","0","-","-","-","-","-","-","-","-","-","-","-","-","-","-","-","-","-","-"
"1343164527685283842","https://twitter.com/OldTechAdverts/status/1343164527685283842","@CrazyCollector1 @AmigaRetweets Had to do a double take your post bcz I thought AC/DC had got into the games business. 

https://t.co/Q7ZQm6V16p","2020-12-27 11:59 +0000","53.0","2.0","0.03773584905660377","0.0","0.0","1.0","0.0","0.0","0.0","1.0","0.0","0","0","0","0","0","0","0","-","-","-","-","-","-","-","-","-","-","-","-","-","-","-","-","-","-"
"1343159817259671552","https://twitter.com/OldTechAdverts/status/1343159817259671552","In thr brochure, there is a guy in a business suit working on this setup. Imaging walking into the office and see a colleague writing his report on this thing! üëçüòÖ
#retrocomputing https://t.co/38szhsnDA3","2020-12-27 11:40 +0000","403.0","4.0","0.009925558312655087","0.0","1.0","2.0","0.0","0.0","0.0","1.0","0.0","0","0","0","0","0","0","0","-","-","-","-","-","-","-","-","-","-","-","-","-","-","-","-","-","-"
"1343159041552490497","https://twitter.com/OldTechAdverts/status/1343159041552490497","@owldgamer Life imitating game character. Looks good BTW.","2020-12-27 11:37 +0000","43.0","1.0","0.023255813953488372","0.0","0.0","1.0","0.0","0.0","0.0","0.0","0.0","0","0","0","0","0","0","0","-","-","-","-","-","-","-","-","-","-","-","-","-","-","-","-","-","-"
"1343158273919348737","https://twitter.com/OldTechAdverts/status/1343158273919348737","@trusteft I quite like the older style word processor where you just focus on the writing, otherwise too many distrations like what font size should I use, the line spacing and other distractions.","2020-12-27 11:34 +0000","22.0","1.0","0.045454545454545456","0.0","0.0","1.0","0.0","0.0","0.0","0.0","0.0","0","0","0","0","0","0","0","-","-","-","-","-","-","-","-","-","-","-","-","-","-","-","-","-","-"
"1343127611728400384","https://twitter.com/OldTechAdverts/status/1343127611728400384","WordPerfect 2.0 was one of the big Word Processor back in the day. Stepping it the work of GUI was a big step for it. WP was originally a DOS only software. 
https://t.co/C1WYf39Hcn
#Retrocomputing #Apple https://t.co/waSgMh8agC","2020-12-27 09:32 +0000","529.0","41.0","0.07750472589792061","4.0","1.0","4.0","1.0","1.0","0.0","9.0","0.0","0","0","0","0","0","21","21","-","-","-","-","-","-","-","-","-","-","-","-","-","-","-","-","-","-"
"1343120042884476928","https://twitter.com/OldTechAdverts/status/1343120042884476928","Pooyan is a platform / shoot'em up. Published by Datasoft, created by Konami. Pooyan has a different meaning in 2020 as it did in 80s. :-)
https://t.co/DVZOiLUasr
#Retrogames #Atari #Commodore64 https://t.co/VS32N6vsGX","2020-12-27 09:02 +0000","656.0","44.0","0.06707317073170732","3.0","3.0","6.0","0.0","0.0","0.0","9.0","0.0","0","0","0","0","0","23","23","-","-","-","-","-","-","-","-","-","-","-","-","-","-","-","-","-","-"
"1343096944563007488","https://twitter.com/OldTechAdverts/status/1343096944563007488","Statistical analysis software for the #AppleMac computers, and the PC computers. It has the ability to work with SQL database. Not too sure the kind of analysis it can do.
https://t.co/OHmO1RqmsX
#Retrocomputing #Apple https://t.co/J1CGZRPIaT","2020-12-27 07:30 +0000","341.0","23.0","0.06744868035190615","2.0","0.0","1.0","2.0","0.0","0.0","0.0","0.0","0","0","0","0","0","18","18","-","-","-","-","-","-","-","-","-","-","-","-","-","-","-","-","-","-"
"1343067213473980418","https://twitter.com/OldTechAdverts/status/1343067213473980418","Flat file vs Relational database. nuBase for the #AppleMac gives you an alternative. It's application ranges from simple Mailing List to complex ERP system. Not sure where $14000 comes in the game.
https://t.co/XORkWZeoxu
#Retrocomputing #Apple https://t.co/4m4ZbE6uz0","2020-12-27 05:32 +0000","389.0","17.0","0.043701799485861184","3.0","0.0","1.0","0.0","2.0","0.0","4.0","0.0","0","0","0","0","0","7","7","-","-","-","-","-","-","-","-","-","-","-","-","-","-","-","-","-","-"
"1343006811327262722","https://twitter.com/OldTechAdverts/status/1343006811327262722","Scheduling software from AEC for the #AppleMac computers. Gantt charts are easy to create. Looks like it is really good at reports and visualisation. 
https://t.co/yp6AKy4ZXd
#Retrocomputing #Apple https://t.co/xVebvatMFK","2020-12-27 01:32 +0000","528.0","32.0","0.06060606060606061","4.0","0.0","5.0","2.0","0.0","0.0","1.0","0.0","0","0","0","0","0","20","20","-","-","-","-","-","-","-","-","-","-","-","-","-","-","-","-","-","-"
"1342986235346907142","https://twitter.com/OldTechAdverts/status/1342986235346907142","A selection of 7 games in this bundle from Virgin games. Out of these, I have only played the shoot'em up classing Xenon. Never heard the Commodore64 called a commy before.
https://t.co/U39u0ACfTG
#Retrogames #Atari #Zxspectrum #Commodore64 https://t.co/0y7zQqoqPE","2020-12-27 00:10 +0000","409.0","9.0","0.022004889975550123","1.0","1.0","0.0","0.0","0.0","0.0","1.0","0.0","0","0","0","0","0","6","6","-","-","-","-","-","-","-","-","-","-","-","-","-","-","-","-","-","-"
"1342985461728501770","https://twitter.com/OldTechAdverts/status/1342985461728501770","@anndrew82 Well played, andrej.  :-)","2020-12-27 00:07 +0000","15.0","3.0","0.2","0.0","0.0","1.0","1.0","0.0","0.0","1.0","0.0","0","0","0","0","0","0","0","-","-","-","-","-","-","-","-","-","-","-","-","-","-","-","-","-","-"
"1342982796235730944","https://twitter.com/OldTechAdverts/status/1342982796235730944","@kenshirriff I see that there is an alarm indicator on the screen. Is that to indicate an error in calculation or overflow?","2020-12-26 23:57 +0000","817.0","8.0","0.009791921664626682","0.0","1.0","2.0","0.0","0.0","0.0","5.0","0.0","0","0","0","0","0","0","0","-","-","-","-","-","-","-","-","-","-","-","-","-","-","-","-","-","-"
"1342982200980086784","https://twitter.com/OldTechAdverts/status/1342982200980086784","@SalimMueller @Foone I am so scared that all the 18TB worth of data will be lost if this drive malfunctions. :-(  It must be so reliable now that we can stop worrying, right?","2020-12-26 23:54 +0000","488.0","16.0","0.03278688524590164","0.0","4.0","3.0","0.0","0.0","0.0","9.0","0.0","0","0","0","0","0","0","0","-","-","-","-","-","-","-","-","-","-","-","-","-","-","-","-","-","-"
"1342981000054394884","https://twitter.com/OldTechAdverts/status/1342981000054394884","@futurewas8bit All the best Rob! Hope you had a safe one.","2020-12-26 23:49 +0000","110.0","1.0","0.00909090909090909","0.0","0.0","1.0","0.0","0.0","0.0","0.0","0.0","0","0","0","0","0","0","0","-","-","-","-","-","-","-","-","-","-","-","-","-","-","-","-","-","-"
"1342978067510284291","https://twitter.com/OldTechAdverts/status/1342978067510284291","Actually 3 games bundle in this advert from ANCO. There is Kick Off 2, Player Manager and Final Whistle. For the #AtariST and #Amiga computers.
https://t.co/6K6X9bphHV
#Retrogames #16bitlove https://t.co/kYzypEK0vU","2020-12-26 23:38 +0000","397.0","11.0","0.027707808564231738","1.0","0.0","1.0","0.0","0.0","0.0","1.0","0.0","0","0","0","0","0","8","8","-","-","-","-","-","-","-","-","-","-","-","-","-","-","-","-","-","-"
"1342976442691424262","https://twitter.com/OldTechAdverts/status/1342976442691424262","Hope that everyone had a great Christmas vacation. 2021 is starting to look quite promising. Let's hope it delivers. To welcome in the new year, here is one of the most popular adverts from 2020. Did you play it during your Christmas vacation?
https://t.co/LK6jFDJoQM
#retrogames https://t.co/9o6otCMFHo","2020-12-26 23:31 +0000","537.0","32.0","0.0595903165735568","2.0","2.0","5.0","0.0","2.0","0.0","7.0","0.0","0","0","0","0","0","14","14","-","-","-","-","-","-","-","-","-","-","-","-","-","-","-","-","-","-"
"1338201482353631238","https://twitter.com/OldTechAdverts/status/1338201482353631238","@CMcKayFL Thanks Corey. You have a good and safe holidays as well!","2020-12-13 19:17 +0000","13.0","0.0","0.0","0.0","0.0","0.0","0.0","0.0","0.0","0.0","0.0","0","0","0","0","0","0","0","-","-","-","-","-","-","-","-","-","-","-","-","-","-","-","-","-","-"
"1338022011906502659","https://twitter.com/OldTechAdverts/status/1338022011906502659","With the approaching holiday period, I will be take a break and return in Jan 2021.
I hope I gave some positive distraction over the last few months..
Thank you for reading &amp; following.
I'll leave 2020 with these adverts.
https://t.co/y23bwAoeUM
#retrocomputing #retrogames https://t.co/4TFnz8FijC","2020-12-13 07:24 +0000","634.0","53.0","0.083596214511041","2.0","2.0","12.0","0.0","2.0","0.0","8.0","0.0","0","0","0","0","0","27","27","-","-","-","-","-","-","-","-","-","-","-","-","-","-","-","-","-","-"
"1337547720119230464","https://twitter.com/OldTechAdverts/status/1337547720119230464","Is the #Atari2600 still popular in 1984? This advert has some great titles here. https://t.co/V4YWsRSVRb
#retrogames https://t.co/2D6JanVuSo","2020-12-12 00:00 +0000","594.0","35.0","0.058922558922558925","2.0","0.0","9.0","2.0","1.0","0.0","3.0","0.0","0","0","0","0","0","18","18","-","-","-","-","-","-","-","-","-","-","-","-","-","-","-","-","-","-"
"1337487832106102785","https://twitter.com/OldTechAdverts/status/1337487832106102785","While not strictly an advert, it is a great article on the #Apple Quadra 700. Never knew that it was so sort after. 

https://t.co/YSQ48TVd1A

#retrocomputing #retroapple","2020-12-11 20:02 +0000","471.0","24.0","0.050955414012738856","1.0","1.0","5.0","0.0","10.0","0.0","7.0","0.0","0","0","0","0","0","0","0","-","-","-","-","-","-","-","-","-","-","-","-","-","-","-","-","-","-"
"1337487405381787658","https://twitter.com/OldTechAdverts/status/1337487405381787658","PSS selling games from a range of 8bit computers, including the Electron and Memotech computers.
 https://t.co/dPyISsDBDV
#retrogames #8bitlove https://t.co/AVyGCg1UPf","2020-12-11 20:00 +0000","554.0","24.0","0.04332129963898917","2.0","0.0","4.0","0.0","2.0","0.0","3.0","0.0","0","0","0","0","0","13","13","-","-","-","-","-","-","-","-","-","-","-","-","-","-","-","-","-","-"
"1337442236016025601","https://twitter.com/OldTechAdverts/status/1337442236016025601","Double page advert in a comic book format. What's worse than being lost in space? 
https://t.co/6nsOxwEHZv
#retrogames https://t.co/xt4QXL1i2i","2020-12-11 17:00 +0000","441.0","14.0","0.031746031746031744","2.0","0.0","2.0","0.0","0.0","0.0","2.0","0.0","0","0","0","0","0","8","8","-","-","-","-","-","-","-","-","-","-","-","-","-","-","-","-","-","-"
"1337394974632128512","https://twitter.com/OldTechAdverts/status/1337394974632128512","Nice and modern look. #retrocomputing https://t.co/zRvpgzPLqj","2020-12-11 13:53 +0000","522.0","8.0","0.01532567049808429","1.0","0.0","7.0","0.0","0.0","0.0","0.0","0.0","0","0","0","0","0","0","0","-","-","-","-","-","-","-","-","-","-","-","-","-","-","-","-","-","-"
"1337328844425097218","https://twitter.com/OldTechAdverts/status/1337328844425097218","CGL M5 computer is a computer that improves with age, or so it claims.  Largely popular in Japan and Korean markets,  not sure if it gain much popularity in Europe. Anyone had any experience with these?
https://t.co/6iok9kIjBD
#retrocomputing #retrotech https://t.co/xf6EKbhOZW","2020-12-11 09:30 +0000","496.0","25.0","0.05040322580645161","1.0","1.0","5.0","0.0","2.0","0.0","5.0","0.0","0","0","0","0","0","11","11","-","-","-","-","-","-","-","-","-","-","-","-","-","-","-","-","-","-"
"1337306280113942528","https://twitter.com/OldTechAdverts/status/1337306280113942528","Fantasy Software selling ""The Pyramid"" for the 48K spectrum. Nice graphic design on this advert.
https://t.co/HpeNu7nMnN
#retrogames #ZXSpectrum https://t.co/FkRv7otpNW","2020-12-11 08:00 +0000","500.0","24.0","0.048","2.0","0.0","5.0","0.0","1.0","0.0","1.0","0.0","0","0","0","0","0","15","15","-","-","-","-","-","-","-","-","-","-","-","-","-","-","-","-","-","-"
"1337185427317460995","https://twitter.com/OldTechAdverts/status/1337185427317460995","Game for the Sharp MZ80K. Written by Frank R. Rooney. Such a niche market to only aim at this computer. It is a godsend for the Sharp computer owners but for the publisher, it is a big financial risk.
https://t.co/zXPiW36m98
#retrogames https://t.co/Kw9wTGjlEQ","2020-12-11 00:00 +0000","383.0","12.0","0.031331592689295036","2.0","0.0","2.0","0.0","1.0","0.0","1.0","0.0","0","0","0","0","0","6","6","-","-","-","-","-","-","-","-","-","-","-","-","-","-","-","-","-","-"
"1337165534866120704","https://twitter.com/OldTechAdverts/status/1337165534866120704","Absolutely right! https://t.co/0kjVUT5JUM","2020-12-10 22:41 +0000","443.0","6.0","0.013544018058690745","0.0","0.0","6.0","0.0","0.0","0.0","0.0","0.0","0","0","0","0","0","0","0","-","-","-","-","-","-","-","-","-","-","-","-","-","-","-","-","-","-"
"1337161513753309185","https://twitter.com/OldTechAdverts/status/1337161513753309185","Protecto selling a 40-80 column board for the #vic20
Claims to give you more line space for programming? Does it give you more RAM? not sure. Also selling a voice synth.
https://t.co/wNHlgSIo4W
#retrocomputing #retrotech #commodore64 https://t.co/nye0gxriIa","2020-12-10 22:25 +0000","531.0","20.0","0.03766478342749529","2.0","0.0","5.0","0.0","0.0","0.0","0.0","0.0","0","0","0","0","0","13","13","-","-","-","-","-","-","-","-","-","-","-","-","-","-","-","-","-","-"
"1337152366387277824","https://twitter.com/OldTechAdverts/status/1337152366387277824","@drizham Well, retro tech is never smooth flying. üòÇ Thanks mate.","2020-12-10 21:49 +0000","17.0","1.0","0.058823529411764705","0.0","0.0","1.0","0.0","0.0","0.0","0.0","0.0","0","0","0","0","0","0","0","-","-","-","-","-","-","-","-","-","-","-","-","-","-","-","-","-","-"
"1337150797776367619","https://twitter.com/OldTechAdverts/status/1337150797776367619","Back in the day when you want to do home banking, you get give a terminal. Wonder how secure the network is as Prestel is being used here. This one is offered by Royal Bank of Scotland.
https://t.co/BZxN7LD1xp
#retrocomputng #retrobanking https://t.co/YZjbYREkAj","2020-12-10 21:42 +0000","487.0","42.0","0.08624229979466119","2.0","0.0","4.0","0.0","0.0","0.0","6.0","0.0","0","0","0","0","0","30","30","-","-","-","-","-","-","-","-","-","-","-","-","-","-","-","-","-","-"
"1337143327574077443","https://twitter.com/OldTechAdverts/status/1337143327574077443","Canon PC clone. Beautiful looking machine with twin 5.25"" drives. Its guaranteed to be PC compatible.
https://t.co/19jSlLiuow
#retrocomputing #retrocomputer https://t.co/iINGMECpAg","2020-12-10 21:13 +0000","485.0","38.0","0.07835051546391752","2.0","0.0","11.0","1.0","0.0","0.0","0.0","0.0","0","0","0","0","0","24","24","-","-","-","-","-","-","-","-","-","-","-","-","-","-","-","-","-","-"
"1337139812315385861","https://twitter.com/OldTechAdverts/status/1337139812315385861","@HejM0 Thanks buddy!","2020-12-10 20:59 +0000","28.0","3.0","0.10714285714285714","0.0","0.0","2.0","0.0","0.0","0.0","1.0","0.0","0","0","0","0","0","0","0","-","-","-","-","-","-","-","-","-","-","-","-","-","-","-","-","-","-"
"1337138518645219330","https://twitter.com/OldTechAdverts/status/1337138518645219330","Woo Hoo 747 followers. Up and Away. https://t.co/wDxP1u5HZh","2020-12-10 20:54 +0000","495.0","47.0","0.09494949494949495","0.0","3.0","10.0","6.0","0.0","0.0","16.0","0.0","0","0","0","0","0","132","12","-","-","-","-","-","-","-","-","-","-","-","-","-","-","-","-","-","-"
"1337124935261704193","https://twitter.com/OldTechAdverts/status/1337124935261704193","Protek selling a joystick interface card for the Spectrum. Great for using the ""Atari"" style joysticks. Also great for the Hunter Killer submarine game.
https://t.co/WknjJUAnnU
#retrogames #8bitlove #ZXSpectrum https://t.co/o9mfk5r93p","2020-12-10 20:00 +0000","383.0","13.0","0.033942558746736295","1.0","0.0","5.0","0.0","0.0","0.0","0.0","0.0","0","0","0","0","0","7","7","-","-","-","-","-","-","-","-","-","-","-","-","-","-","-","-","-","-"
"1337079931566776329","https://twitter.com/OldTechAdverts/status/1337079931566776329","Software for the #commodore64 and the Spectrum computers. The logo is interesting that it can be used. Wonder if the London public transport complained or not about this?
https://t.co/BBid43zqG8
#retrogames #classicgames https://t.co/TraEq6Pccq","2020-12-10 17:01 +0000","360.0","11.0","0.030555555555555555","1.0","0.0","5.0","0.0","0.0","0.0","0.0","0.0","0","0","0","0","0","5","5","-","-","-","-","-","-","-","-","-","-","-","-","-","-","-","-","-","-"
"1336966395398074373","https://twitter.com/OldTechAdverts/status/1336966395398074373","Imagine published the smoothest most addictive shoot em up ever, but I can't even read its name. Now available on the #commodore64. Was for Spectrum and Vic20 previously.
https://t.co/bPjzwiqJgT
#retrogames #8bitlove #classicgames https://t.co/bX28TrfWZ3","2020-12-10 09:30 +0000","468.0","44.0","0.09401709401709402","2.0","1.0","5.0","2.0","1.0","1.0","3.0","0.0","0","0","0","0","0","29","29","-","-","-","-","-","-","-","-","-","-","-","-","-","-","-","-","-","-"
"1336943820928393216","https://twitter.com/OldTechAdverts/status/1336943820928393216","Sumlock publishing several games for the #commodore64. Putting 64 at end of the name is a cool way to let the punters know which computers, but also does not allow these games to be ported to the other 8bit computers. 
https://t.co/bPjzwiqJgT
#retrogames #8bitlove https://t.co/QJeoGxHfjU","2020-12-10 08:00 +0000","419.0","13.0","0.031026252983293555","2.0","0.0","2.0","0.0","1.0","0.0","0.0","0.0","0","0","0","0","0","8","8","-","-","-","-","-","-","-","-","-","-","-","-","-","-","-","-","-","-"
"1336822968563998721","https://twitter.com/OldTechAdverts/status/1336822968563998721","Richard Wilcox software publishing Blue Thunder. It looks like shoot em up between Alien space ships and submarines. Available for #Atari8bit and the 48K Spectrum.
https://t.co/qYNSWBRb8F
#retrogames #8bitlove #RETROGAMING https://t.co/GbMifPhGiH","2020-12-10 00:00 +0000","354.0","23.0","0.06497175141242938","1.0","0.0","2.0","0.0","0.0","0.0","1.0","0.0","0","0","0","0","0","19","19","-","-","-","-","-","-","-","-","-","-","-","-","-","-","-","-","-","-"
"1336764173636800516","https://twitter.com/OldTechAdverts/status/1336764173636800516","@TakodanTweets @UndeadToTheEnd Found another advert of it. He also tried to published it on the iPhone. He keeps it going....
https://t.co/3xIeLsHu6x","2020-12-09 20:06 +0000","38.0","5.0","0.13157894736842105","0.0","1.0","2.0","0.0","0.0","0.0","2.0","0.0","0","0","0","0","0","0","0","-","-","-","-","-","-","-","-","-","-","-","-","-","-","-","-","-","-"
"1336763102763888641","https://twitter.com/OldTechAdverts/status/1336763102763888641","@MOS_8502 Yes, a thousand yes!","2020-12-09 20:02 +0000","75.0","4.0","0.05333333333333334","0.0","1.0","0.0","0.0","0.0","0.0","3.0","0.0","0","0","0","0","0","0","0","-","-","-","-","-","-","-","-","-","-","-","-","-","-","-","-","-","-"
"1336762700412706816","https://twitter.com/OldTechAdverts/status/1336762700412706816","3 games for the #Vic20 from Imagine. Wacky Waiters is an interesting games. It will make Fawlty Towers sane. ü§£
https://t.co/hkUNKT0B7I
#retrogames #commodore #8bitlove https://t.co/OCbglonGoi","2020-12-09 20:00 +0000","341.0","10.0","0.02932551319648094","1.0","0.0","2.0","0.0","0.0","0.0","1.0","0.0","0","0","0","0","0","6","6","-","-","-","-","-","-","-","-","-","-","-","-","-","-","-","-","-","-"
"1336762641390374912","https://twitter.com/OldTechAdverts/status/1336762641390374912","We see mashups all the time. In songs, in movies. What about software? What two retro bit of software would you mash up to give an awesome experience?

For me, it would be mash up between Zork and Command and Conquer. Solve a puzzle to build a fort.

#retrocomputing #rcoder","2020-12-09 20:00 +0000","367.0","17.0","0.04632152588555858","0.0","1.0","2.0","1.0","0.0","0.0","13.0","0.0","0","0","0","0","0","0","0","-","-","-","-","-","-","-","-","-","-","-","-","-","-","-","-","-","-"
"1336717249902735360","https://twitter.com/OldTechAdverts/status/1336717249902735360","Llamasoft games. Arcade style games with colourfull background and music. https://t.co/hkUNKT0B7I
#retrogames #8bitlove https://t.co/3galfW1VkR","2020-12-09 17:00 +0000","368.0","15.0","0.04076086956521739","1.0","1.0","2.0","0.0","0.0","0.0","0.0","0.0","0","0","0","0","0","11","11","-","-","-","-","-","-","-","-","-","-","-","-","-","-","-","-","-","-"
"1336604059864854530","https://twitter.com/OldTechAdverts/status/1336604059864854530","Must be a arcade style game as all of the games in this game has the similar description. 
https://t.co/ul1KWo93yW
#retrogames #8bitlove #classicgames https://t.co/q6oZ7eOxFA","2020-12-09 09:30 +0000","396.0","54.0","0.13636363636363635","2.0","0.0","3.0","0.0","1.0","0.0","3.0","0.0","0","0","0","0","0","45","45","-","-","-","-","-","-","-","-","-","-","-","-","-","-","-","-","-","-"
"1336581368550215680","https://twitter.com/OldTechAdverts/status/1336581368550215680","Softtek publishing games for Commodore 64, Spectrum and Oric omputers. https://t.co/AG1Q00rKUr
#retrogames #8bitlove #retrotech https://t.co/1rP57Vxtwl","2020-12-09 08:00 +0000","357.0","17.0","0.047619047619047616","1.0","0.0","3.0","0.0","0.0","0.0","1.0","0.0","0","0","0","0","0","12","12","-","-","-","-","-","-","-","-","-","-","-","-","-","-","-","-","-","-"
"1336460576160145410","https://twitter.com/OldTechAdverts/status/1336460576160145410","Lothlorien double page advert  Never played any of their games but they look pretty intense. Also strategy games in this lot.
https://t.co/3FjlVnpj1m
#retrogames #8bitlove https://t.co/Y3BtEA1oj4","2020-12-09 00:00 +0000","362.0","15.0","0.04143646408839779","1.0","1.0","3.0","1.0","0.0","0.0","0.0","0.0","0","0","0","0","0","9","9","-","-","-","-","-","-","-","-","-","-","-","-","-","-","-","-","-","-"
"1336432048920268802","https://twitter.com/OldTechAdverts/status/1336432048920268802","@reidrac Her acting is really good. Without spoiling it for you, I hope that she doesn't get killed off during the current season.","2020-12-08 22:06 +0000","20.0","2.0","0.1","0.0","1.0","1.0","0.0","0.0","0.0","0.0","0.0","0","0","0","0","0","0","0","-","-","-","-","-","-","-","-","-","-","-","-","-","-","-","-","-","-"
"1336431022368563204","https://twitter.com/OldTechAdverts/status/1336431022368563204","@reidrac Her list of movies is pretty impressive. Always playing the character with a nasty side.","2020-12-08 22:02 +0000","29.0","2.0","0.06896551724137931","0.0","1.0","1.0","0.0","0.0","0.0","0.0","0.0","0","0","0","0","0","0","0","-","-","-","-","-","-","-","-","-","-","-","-","-","-","-","-","-","-"
"1336410290485948427","https://twitter.com/OldTechAdverts/status/1336410290485948427","@mrbomp @wongJP Just got my wife a pair for Christmas. Look forward to borrowing them from here once in a while. :-)","2020-12-08 20:40 +0000","24.0","5.0","0.20833333333333334","0.0","0.0","2.0","1.0","0.0","0.0","2.0","0.0","0","0","0","0","0","0","0","-","-","-","-","-","-","-","-","-","-","-","-","-","-","-","-","-","-"
"1336400335909363713","https://twitter.com/OldTechAdverts/status/1336400335909363713","Several games from Anirog software. Hexpert is a fun game I remembered playing. https://t.co/9nc3oeQvep
#retrogames #commodore64 #8bitlove https://t.co/geXE5s9qX9","2020-12-08 20:00 +0000","556.0","19.0","0.0341726618705036","1.0","1.0","5.0","0.0","0.0","0.0","0.0","0.0","0","0","0","0","0","12","12","-","-","-","-","-","-","-","-","-","-","-","-","-","-","-","-","-","-"
"1336355162148007940","https://twitter.com/OldTechAdverts/status/1336355162148007940","A frogger clone for the Spectrum computers
https://t.co/x4QRWSLpyN
#retrogames #zxspectrum #8bitlove https://t.co/dqDre70b0j","2020-12-08 17:01 +0000","422.0","18.0","0.04265402843601896","1.0","0.0","2.0","0.0","1.0","0.0","2.0","0.0","0","0","0","0","0","12","12","-","-","-","-","-","-","-","-","-","-","-","-","-","-","-","-","-","-"
"1336241657554083846","https://twitter.com/OldTechAdverts/status/1336241657554083846","A game from Imagine that deals with teeth! for the spectrum computers  I guess it is a game you could sink your team into. 
https://t.co/P3O6XVj5Ou
#retrogames #zxspectrum #8bitlove https://t.co/0ErNOcOPGn","2020-12-08 09:30 +0000","388.0","23.0","0.059278350515463915","2.0","0.0","3.0","0.0","0.0","0.0","0.0","0.0","0","0","0","0","0","18","18","-","-","-","-","-","-","-","-","-","-","-","-","-","-","-","-","-","-"
"1336219010518700032","https://twitter.com/OldTechAdverts/status/1336219010518700032","Games for the #Vic20 
https://t.co/bDupdCFIh7
#retrogames #8bitlove https://t.co/OJHGzEgmVa","2020-12-08 08:00 +0000","370.0","21.0","0.05675675675675676","1.0","0.0","6.0","0.0","1.0","0.0","0.0","0.0","0","0","0","0","0","13","13","-","-","-","-","-","-","-","-","-","-","-","-","-","-","-","-","-","-"
"1336098312823377926","https://twitter.com/OldTechAdverts/status/1336098312823377926","Artic software and games for the Christmas period, even with on cleverly name Santa. ü§£üòÇ
https://t.co/9bAIG3UCDe
#retrogames #8bitlove https://t.co/QtGpuHVms7","2020-12-08 00:00 +0000","358.0","11.0","0.030726256983240222","1.0","0.0","2.0","0.0","0.0","0.0","0.0","0.0","0","0","0","0","0","8","8","-","-","-","-","-","-","-","-","-","-","-","-","-","-","-","-","-","-"
"1336064122379702272","https://twitter.com/OldTechAdverts/status/1336064122379702272","That's a pretty cool coaster. Wonder if its also available for other #retrocomputers https://t.co/72M24njnqh","2020-12-07 21:44 +0000","427.0","19.0","0.04449648711943794","0.0","2.0","6.0","2.0","0.0","0.0","9.0","0.0","0","0","0","0","0","0","0","-","-","-","-","-","-","-","-","-","-","-","-","-","-","-","-","-","-"
"1336037943396462592","https://twitter.com/OldTechAdverts/status/1336037943396462592","Computer and Video Games Magazine Issue 027
https://t.co/8SDxT19hIY
#retrogames #retrotech #commodore64  #8bitlove https://t.co/rk31cYpt2c","2020-12-07 20:00 +0000","374.0","35.0","0.09358288770053476","1.0","0.0","9.0","0.0","1.0","0.0","0.0","0.0","0","0","0","0","0","24","24","-","-","-","-","-","-","-","-","-","-","-","-","-","-","-","-","-","-"
"1335992742946754561","https://twitter.com/OldTechAdverts/status/1335992742946754561","Computer and Video Games Magazine Issue 027. Games for the #commodore64 
https://t.co/qcUSmFTrNV
#retrogames #8bitlove https://t.co/SmYQfS5fVj","2020-12-07 17:01 +0000","390.0","18.0","0.046153846153846156","2.0","0.0","7.0","0.0","1.0","0.0","0.0","0.0","0","0","0","0","0","8","8","-","-","-","-","-","-","-","-","-","-","-","-","-","-","-","-","-","-"
"1335879288269266944","https://twitter.com/OldTechAdverts/status/1335879288269266944","English Software selling software for the #Atari8bit computers. Mostly platform games. 
https://t.co/lrQGjE6c4K
#RetroGames #8bitlove https://t.co/cf9j63bEPl","2020-12-07 09:30 +0000","417.0","19.0","0.045563549160671464","2.0","0.0","4.0","0.0","1.0","0.0","1.0","0.0","0","0","0","0","0","11","11","-","-","-","-","-","-","-","-","-","-","-","-","-","-","-","-","-","-"
"1335856747605614592","https://twitter.com/OldTechAdverts/status/1335856747605614592","A joystick interface card for your Spectrum computer from AGF.
The mail in address looks a bit odd. Is this a valid English address?
https://t.co/Omd44GljRH
#retrocomputers #retrotech #zxspectrum https://t.co/X7IQzQnAaq","2020-12-07 08:00 +0000","380.0","43.0","0.11315789473684211","1.0","1.0","5.0","5.0","0.0","0.0","7.0","0.0","0","0","0","0","0","24","24","-","-","-","-","-","-","-","-","-","-","-","-","-","-","-","-","-","-"
"1335735837426937857","https://twitter.com/OldTechAdverts/status/1335735837426937857","Games for Spectrum and #BBCmicro from Joe the Lion.. Questionable names for these games. Bimbo? 
 https://t.co/ZqjvMqVGWn
#retrogames #8bitlove https://t.co/pon8bJkkIr","2020-12-07 00:00 +0000","363.0","13.0","0.03581267217630854","1.0","0.0","1.0","1.0","0.0","0.0","0.0","0.0","0","0","0","0","0","10","10","-","-","-","-","-","-","-","-","-","-","-","-","-","-","-","-","-","-"
"1335703399266979847","https://twitter.com/OldTechAdverts/status/1335703399266979847","Creative Retro Coding for the #bbcmicro with contributors from twitter #retrocomputing community. 

https://t.co/BEPgntGqwl","2020-12-06 21:51 +0000","336.0","6.0","0.017857142857142856","1.0","0.0","5.0","0.0","0.0","0.0","0.0","0.0","0","0","0","0","0","0","0","-","-","-","-","-","-","-","-","-","-","-","-","-","-","-","-","-","-"
"1335680635462180864","https://twitter.com/OldTechAdverts/status/1335680635462180864","@CommodoreZ Maps from 70s and 80s are pretty cool, especially street directories.","2020-12-06 20:20 +0000","55.0","2.0","0.03636363636363636","0.0","0.0","1.0","1.0","0.0","0.0","0.0","0.0","0","0","0","0","0","0","0","-","-","-","-","-","-","-","-","-","-","-","-","-","-","-","-","-","-"
"1335680300312047616","https://twitter.com/OldTechAdverts/status/1335680300312047616","@igor_os777 Nice!","2020-12-06 20:19 +0000","32.0","2.0","0.0625","0.0","0.0","1.0","1.0","0.0","0.0","0.0","0.0","0","0","0","0","0","0","0","-","-","-","-","-","-","-","-","-","-","-","-","-","-","-","-","-","-"
"1335675479001604097","https://twitter.com/OldTechAdverts/status/1335675479001604097","Audiogenic advert that they have a good range of games. Started in 1970 and got acquired in 1997. Also created games for the SNES. Famous for sport sims.
https://t.co/0vpfXhTl7T
#retrocomputing #8bitlove https://t.co/tnT743qs4h","2020-12-06 20:00 +0000","359.0","16.0","0.04456824512534819","1.0","1.0","4.0","0.0","0.0","0.0","0.0","0.0","0","0","0","0","0","10","10","-","-","-","-","-","-","-","-","-","-","-","-","-","-","-","-","-","-"
"1335630177628540928","https://twitter.com/OldTechAdverts/status/1335630177628540928","Supersoft selling the biggest and the best games for the #commodore64. Wonder if these are independent developers trying their hand on games development.
https://t.co/LSXXEm7yZC
#RETROGAMING #8bitlove https://t.co/CnaXQ2xc6O","2020-12-06 17:00 +0000","421.0","19.0","0.04513064133016627","2.0","0.0","5.0","0.0","0.0","0.0","1.0","0.0","0","0","0","0","0","11","11","-","-","-","-","-","-","-","-","-","-","-","-","-","-","-","-","-","-"
"1335608708081086472","https://twitter.com/OldTechAdverts/status/1335608708081086472","@CMcKayFL Hey hey. Amber is great. Thanks for sharing.","2020-12-06 15:35 +0000","32.0","1.0","0.03125","0.0","1.0","0.0","0.0","0.0","0.0","0.0","0.0","0","0","0","0","0","0","0","-","-","-","-","-","-","-","-","-","-","-","-","-","-","-","-","-","-"
"1335569723094872068","https://twitter.com/OldTechAdverts/status/1335569723094872068","Game &amp; Watch for Mario brothers.  Wonder if @DrTomTilley has a big version of this model. I was quite addicted to Donkey Kong.
https://t.co/vLLjiGtSRI
#retrotech #RETROGAMING https://t.co/eiSoqzrLmz","2020-12-06 13:00 +0000","772.0","69.0","0.08937823834196891","3.0","3.0","7.0","0.0","0.0","0.0","3.0","0.0","0","0","0","0","0","53","53","-","-","-","-","-","-","-","-","-","-","-","-","-","-","-","-","-","-"
"1335516895504719872","https://twitter.com/OldTechAdverts/status/1335516895504719872","Football Manager was designed by Kevin Toms in 1982. There were 16 different versions of this by 1987. He has also published a version of it for the iPhone. Kevin is also the founder of Addictive Games. 
https://t.co/jNMlYvrB4z
#retrogames https://t.co/e9Xq4ved9x","2020-12-06 09:30 +0000","937.0","71.0","0.07577374599786553","4.0","2.0","7.0","2.0","1.0","0.0","11.0","0.0","0","0","0","0","0","44","44","-","-","-","-","-","-","-","-","-","-","-","-","-","-","-","-","-","-"
"1335496370908770305","https://twitter.com/OldTechAdverts/status/1335496370908770305","Super cool. Wonder if the screen is green or amber?
#retrocomputers #retrotech https://t.co/L0wSdHTHuB","2020-12-06 08:08 +0000","400.0","12.0","0.03","1.0","1.0","7.0","0.0","0.0","0.0","3.0","0.0","0","0","0","0","0","0","0","-","-","-","-","-","-","-","-","-","-","-","-","-","-","-","-","-","-"
"1335495983602552835","https://twitter.com/OldTechAdverts/status/1335495983602552835","It's Sunday. Let's celebrate it with a double page advert for the Atari 600XL! Who had one of these?
https://t.co/Xl1pMplSeJ
#retrocomputers #retrotech #atari #8bit https://t.co/hvo7StGrwr","2020-12-06 08:07 +0000","381.0","22.0","0.05774278215223097","2.0","0.0","6.0","0.0","2.0","0.0","0.0","0.0","0","0","0","0","0","12","12","-","-","-","-","-","-","-","-","-","-","-","-","-","-","-","-","-","-"
"1335494209445502976","https://twitter.com/OldTechAdverts/status/1335494209445502976","Sports sim of a billiards. It was written by 19 year undergraduate at Queens College Cambridge with advanced programming! 
https://t.co/jNMlYvrB4z
#retrogames #8bitlove https://t.co/sa93L6EHmv","2020-12-06 08:00 +0000","342.0","27.0","0.07894736842105263","2.0","0.0","2.0","2.0","1.0","0.0","1.0","0.0","0","0","0","0","0","19","19","-","-","-","-","-","-","-","-","-","-","-","-","-","-","-","-","-","-"
"1335403600206569472","https://twitter.com/OldTechAdverts/status/1335403600206569472","Zip Zap, a space sim shoot em up for the #ZXSpectrum. Released in 1983
 https://t.co/Ro5DzclCuv
#RETROGAMING #retrogames https://t.co/CbJ5VMUb49","2020-12-06 02:00 +0000","399.0","20.0","0.05012531328320802","3.0","0.0","4.0","0.0","1.0","0.0","1.0","0.0","0","0","0","0","0","11","11","-","-","-","-","-","-","-","-","-","-","-","-","-","-","-","-","-","-"
"1335373427377643521","https://twitter.com/OldTechAdverts/status/1335373427377643521","#VIC20 for the entire family to have fun, profit, education and exercise the dog! Joking about the dog. Great advert.
https://t.co/2vL9C6fJaV
#retrocomputing #Commodore https://t.co/LD3end3BWr","2020-12-06 00:00 +0000","432.0","22.0","0.05092592592592592","2.0","1.0","5.0","0.0","0.0","0.0","0.0","0.0","0","0","0","0","0","14","14","-","-","-","-","-","-","-","-","-","-","-","-","-","-","-","-","-","-"
"1335356343939641345","https://twitter.com/OldTechAdverts/status/1335356343939641345","Computer and Video Games Magazine Issue 027  https://t.co/8SDxT19hIY https://t.co/WX7rxIlyl7","2020-12-05 22:52 +0000","393.0","43.0","0.10941475826972011","1.0","0.0","5.0","0.0","2.0","0.0","0.0","0.0","0","0","0","0","0","35","35","-","-","-","-","-","-","-","-","-","-","-","-","-","-","-","-","-","-"
"1335335689332912133","https://twitter.com/OldTechAdverts/status/1335335689332912133","Temptation Software with a whole range of games available. There is too much text on this advert. As teenage child looking at this advert, my eyes would be glued onto the picture rather than reading the text.
https://t.co/laop3wmAXH
#RETROGAMING #retrogames https://t.co/Fu3DvS1U6E","2020-12-05 21:30 +0000","346.0","9.0","0.02601156069364162","3.0","0.0","2.0","0.0","0.0","0.0","0.0","0.0","0","0","0","0","0","4","4","-","-","-","-","-","-","-","-","-","-","-","-","-","-","-","-","-","-"
"1335321050079485954","https://twitter.com/OldTechAdverts/status/1335321050079485954","@fromobal Prices so good that even Scrooge  could afford it.","2020-12-05 20:32 +0000","26.0","1.0","0.038461538461538464","0.0","0.0","1.0","0.0","0.0","0.0","0.0","0.0","0","0","0","0","0","0","0","-","-","-","-","-","-","-","-","-","-","-","-","-","-","-","-","-","-"
"1335320779077115905","https://twitter.com/OldTechAdverts/status/1335320779077115905","@ArtstateDesigns Ah yes, did not quite see it on the left. üëç","2020-12-05 20:30 +0000","44.0","2.0","0.045454545454545456","0.0","1.0","1.0","0.0","0.0","0.0","0.0","0.0","0","0","0","0","0","0","0","-","-","-","-","-","-","-","-","-","-","-","-","-","-","-","-","-","-"
"1335313088829136896","https://twitter.com/OldTechAdverts/status/1335313088829136896","Alchemist - Adventure game for #ZXSpectrum. This wizard looks very similar to one from another adventure game ""The Pawn"" from Firebird games. 
https://t.co/vKPEzkW1xT
#retrogames #8bitlove https://t.co/mc9xVnlGSD","2020-12-05 20:00 +0000","363.0","26.0","0.07162534435261708","1.0","1.0","6.0","0.0","0.0","0.0","6.0","0.0","0","0","0","0","0","12","12","-","-","-","-","-","-","-","-","-","-","-","-","-","-","-","-","-","-"
"1335267760214077440","https://twitter.com/OldTechAdverts/status/1335267760214077440","Microstyle Computer shop. Looks like they are selling #BBCmicro. Why is the child on crutches?
https://t.co/vKPEzkW1xT
#retrocomputing https://t.co/ZEA1COlL8f","2020-12-05 17:00 +0000","771.0","83.0","0.10765239948119326","2.0","4.0","8.0","0.0","1.0","0.0","13.0","0.0","0","0","0","0","0","55","55","-","-","-","-","-","-","-","-","-","-","-","-","-","-","-","-","-","-"
"1335154466857816064","https://twitter.com/OldTechAdverts/status/1335154466857816064","Imagine publishes Leggit for the Dragon and Atari computers. This game is named Jumping Jack originally, and was targeting the #ZXSpectrum computers.
https://t.co/nLJhe9aoN2
#RETROGAMING #8bitlove #Atari8bit https://t.co/LaW1bF2VmL","2020-12-05 09:30 +0000","373.0","20.0","0.05361930294906166","3.0","0.0","0.0","1.0","1.0","0.0","1.0","0.0","0","0","0","0","0","14","14","-","-","-","-","-","-","-","-","-","-","-","-","-","-","-","-","-","-"
"1335135879199911936","https://twitter.com/OldTechAdverts/status/1335135879199911936","@northgiddings Nice one! Is that a NEC mutisync in your picture? Those we solid monitors. My computer lab has them, and the students were not so careful with them. However, they lasted for many semesters.","2020-12-05 08:16 +0000","23.0","1.0","0.043478260869565216","0.0","0.0","0.0","1.0","0.0","0.0","0.0","0.0","0","0","0","0","0","0","0","-","-","-","-","-","-","-","-","-","-","-","-","-","-","-","-","-","-"
"1335134157215846400","https://twitter.com/OldTechAdverts/status/1335134157215846400","@DonaldBergin2 So true. I started on tape cassette on my Atari 800 for mass storage. Due to cost, disk drives is a distance dream.  A hard drive is a even further away.","2020-12-05 08:09 +0000","12.0","1.0","0.08333333333333333","0.0","0.0","1.0","0.0","0.0","0.0","0.0","0.0","0","0","0","0","0","0","0","-","-","-","-","-","-","-","-","-","-","-","-","-","-","-","-","-","-"
"1335131876051324928","https://twitter.com/OldTechAdverts/status/1335131876051324928","The Game Lords selling several titles. The graphic design looks fantastical. Retro games favourite designer Jeff Minter has two titles on here. 
https://t.co/nqNufRg7lS
#RETROGAMING #8bitlove #retrotech https://t.co/VlRENB7gY4","2020-12-05 08:00 +0000","369.0","19.0","0.051490514905149054","2.0","0.0","4.0","0.0","1.0","0.0","2.0","0.0","0","0","0","0","0","10","10","-","-","-","-","-","-","-","-","-","-","-","-","-","-","-","-","-","-"
"1335041218661724160","https://twitter.com/OldTechAdverts/status/1335041218661724160","Platform game Starquake for the #Atari8bit. Has 500 screens. You control BLOB, the Biological Operated Being.
https://t.co/sQxKzHJpy3
#retrogames #8bitlove https://t.co/bTjvaW2zbk","2020-12-05 02:00 +0000","438.0","19.0","0.04337899543378995","2.0","0.0","3.0","2.0","2.0","0.0","0.0","0.0","0","0","0","0","0","10","10","-","-","-","-","-","-","-","-","-","-","-","-","-","-","-","-","-","-"
"1335011836048138242","https://twitter.com/OldTechAdverts/status/1335011836048138242","@SupremeJerk Our group had Roland MT-32. It sounded really good.","2020-12-05 00:03 +0000","16.0","1.0","0.0625","0.0","0.0","1.0","0.0","0.0","0.0","0.0","0.0","0","0","0","0","0","0","0","-","-","-","-","-","-","-","-","-","-","-","-","-","-","-","-","-","-"
"1335011151571259393","https://twitter.com/OldTechAdverts/status/1335011151571259393","Shure offering of microphones. 
https://t.co/MZ0kEuzUtk
#retroaudio #retrotech https://t.co/htlAfBlwAH","2020-12-05 00:00 +0000","444.0","21.0","0.0472972972972973","2.0","0.0","6.0","0.0","3.0","0.0","1.0","0.0","0","0","0","0","0","9","9","-","-","-","-","-","-","-","-","-","-","-","-","-","-","-","-","-","-"
"1335010357463683082","https://twitter.com/OldTechAdverts/status/1335010357463683082","@jimbug1024 That looks very cool. Goes up to 1 megabyte. That‚Äôs huge.","2020-12-04 23:57 +0000","23.0","0.0","0.0","0.0","0.0","0.0","0.0","0.0","0.0","0.0","0.0","0","0","0","0","0","0","0","-","-","-","-","-","-","-","-","-","-","-","-","-","-","-","-","-","-"
"1335004048672624646","https://twitter.com/OldTechAdverts/status/1335004048672624646","@markjkoch That‚Äôs a awesome story to share. Glad it worked out.","2020-12-04 23:32 +0000","25.0","1.0","0.04","0.0","0.0","1.0","0.0","0.0","0.0","0.0","0.0","0","0","0","0","0","0","0","-","-","-","-","-","-","-","-","-","-","-","-","-","-","-","-","-","-"
"1334993515709915136","https://twitter.com/OldTechAdverts/status/1334993515709915136","@RetroWizzard Retro computers are at crazy prices at the moment.","2020-12-04 22:50 +0000","61.0","2.0","0.03278688524590164","0.0","1.0","1.0","0.0","0.0","0.0","0.0","0.0","0","0","0","0","0","0","0","-","-","-","-","-","-","-","-","-","-","-","-","-","-","-","-","-","-"
"1334993156367147010","https://twitter.com/OldTechAdverts/status/1334993156367147010","@EchopleX420247 Can it play back regular VHS?","2020-12-04 22:49 +0000","26.0","2.0","0.07692307692307693","0.0","1.0","1.0","0.0","0.0","0.0","0.0","0.0","0","0","0","0","0","0","0","-","-","-","-","-","-","-","-","-","-","-","-","-","-","-","-","-","-"
"1334992764367462402","https://twitter.com/OldTechAdverts/status/1334992764367462402","@Brazbit Man, you much more braver than me. I am always scared of dropping it. Those are not cheap.","2020-12-04 22:47 +0000","29.0","2.0","0.06896551724137931","0.0","1.0","1.0","0.0","0.0","0.0","0.0","0.0","0","0","0","0","0","0","0","-","-","-","-","-","-","-","-","-","-","-","-","-","-","-","-","-","-"
"1334991592319488002","https://twitter.com/OldTechAdverts/status/1334991592319488002","Computer and Video Games Magazine Issue 027
https://t.co/pZscHWlj8n
#retrogames #8biitlove #flightsim https://t.co/S4t5D3FqRa","2020-12-04 22:42 +0000","381.0","39.0","0.10236220472440945","1.0","0.0","6.0","0.0","1.0","0.0","0.0","0.0","0","0","0","0","0","31","31","-","-","-","-","-","-","-","-","-","-","-","-","-","-","-","-","-","-"
"1334991153901547522","https://twitter.com/OldTechAdverts/status/1334991153901547522","What is the one piece of hardware you lusted for back in the day? 

For me, it was the 21 inch CRT monitor. 

Finally got one at work some years back. It was awesome except my desk space immediately got eaten up.
#retrocomputing","2020-12-04 22:41 +0000","1313.0","81.0","0.06169078446306169","1.0","14.0","14.0","3.0","0.0","0.0","49.0","0.0","0","0","0","0","0","0","0","-","-","-","-","-","-","-","-","-","-","-","-","-","-","-","-","-","-"
"1334987442592620549","https://twitter.com/OldTechAdverts/status/1334987442592620549","@sincespacies Interesting map. Do you find this analytics useful?","2020-12-04 22:26 +0000","95.0","2.0","0.021052631578947368","0.0","1.0","1.0","0.0","0.0","0.0","0.0","0.0","0","0","0","0","0","0","0","-","-","-","-","-","-","-","-","-","-","-","-","-","-","-","-","-","-"
"1334986042114510848","https://twitter.com/OldTechAdverts/status/1334986042114510848","Computer and Video Games Magazine Issue
https://t.co/0vpfXhTl7T
#retrogames #retrotech https://t.co/QDaE30mawy","2020-12-04 22:20 +0000","466.0","39.0","0.08369098712446352","1.0","1.0","9.0","0.0","2.0","1.0","2.0","0.0","0","0","0","0","0","23","23","-","-","-","-","-","-","-","-","-","-","-","-","-","-","-","-","-","-"
"1334978848568520704","https://twitter.com/OldTechAdverts/status/1334978848568520704","Have never seen a game called Tasmania. lookslike a platform shoot'em up. Wonder if programmer was actually from Tasmania? Targeting the #bbcmicro
https://t.co/6iok9kIjBD
#retrogames #8bitlove https://t.co/jpNol1WNYZ","2020-12-04 21:52 +0000","465.0","22.0","0.047311827956989246","3.0","1.0","5.0","0.0","0.0","0.0","0.0","0.0","0","0","0","0","0","13","13","-","-","-","-","-","-","-","-","-","-","-","-","-","-","-","-","-","-"
"1334950872829321218","https://twitter.com/OldTechAdverts/status/1334950872829321218","@DanielBogdanoff C vs C++","2020-12-04 20:01 +0000","85.0","3.0","0.03529411764705882","0.0","0.0","1.0","0.0","0.0","0.0","2.0","0.0","0","0","0","0","0","0","0","-","-","-","-","-","-","-","-","-","-","-","-","-","-","-","-","-","-"
"1334950869138350085","https://twitter.com/OldTechAdverts/status/1334950869138350085","Midi was the new way in 1991 to hook up all your audio gear. #Atari is definitely the computer of choice. Fostex offering control of using Steinberg's Cubase. 
https://t.co/pukhdky5dY
#retroaudio #retrotech #midi https://t.co/KtEt5AC9Kk","2020-12-04 20:01 +0000","573.0","36.0","0.06282722513089005","3.0","0.0","5.0","0.0","0.0","0.0","3.0","0.0","0","0","0","0","0","25","25","-","-","-","-","-","-","-","-","-","-","-","-","-","-","-","-","-","-"
"1334949609907638272","https://twitter.com/OldTechAdverts/status/1334949609907638272","@siuhaj @pushikhabra A how to guide?","2020-12-04 19:56 +0000","19.0","1.0","0.05263157894736842","0.0","0.0","1.0","0.0","0.0","0.0","0.0","0.0","0","0","0","0","0","0","0","-","-","-","-","-","-","-","-","-","-","-","-","-","-","-","-","-","-"
"1334940510935523335","https://twitter.com/OldTechAdverts/status/1334940510935523335","@siuhaj Macgyver is Great! I remember trying to copy some his hacks. My mum was not happy.","2020-12-04 19:19 +0000","16.0","2.0","0.125","0.0","1.0","1.0","0.0","0.0","0.0","0.0","0.0","0","0","0","0","0","0","0","-","-","-","-","-","-","-","-","-","-","-","-","-","-","-","-","-","-"
"1334933831653216256","https://twitter.com/OldTechAdverts/status/1334933831653216256","@siuhaj Al Bundy and his family. What can you say about them? üòÇ","2020-12-04 18:53 +0000","30.0","2.0","0.06666666666666667","0.0","1.0","1.0","0.0","0.0","0.0","0.0","0.0","0","0","0","0","0","0","0","-","-","-","-","-","-","-","-","-","-","-","-","-","-","-","-","-","-"
"1334931262868492291","https://twitter.com/OldTechAdverts/status/1334931262868492291","What's your fav TV backs from in the 70s and 80s? https://t.co/Od8HYoj2qf","2020-12-04 18:43 +0000","372.0","3.0","0.008064516129032258","0.0","1.0","0.0","0.0","0.0","0.0","2.0","0.0","0","0","0","0","0","0","0","-","-","-","-","-","-","-","-","-","-","-","-","-","-","-","-","-","-"
"1334905431576227841","https://twitter.com/OldTechAdverts/status/1334905431576227841","Turbo CASE to help develop your algorithms and models. Looks a bit like Matlab Simulink. 
https://t.co/9LBvggYMyr
#retrocomputing #AppleMac https://t.co/Gq2R79NnWH","2020-12-04 17:00 +0000","285.0","11.0","0.03859649122807018","1.0","0.0","2.0","0.0","0.0","0.0","1.0","0.0","0","0","0","0","0","7","7","-","-","-","-","-","-","-","-","-","-","-","-","-","-","-","-","-","-"
"1334792158566559744","https://twitter.com/OldTechAdverts/status/1334792158566559744","Texas instruments job advert in a 1980 edition of MIT review. It is offering world travel and exciting things to work on. it looks exciting for a graduate engineer.
https://t.co/s97vlfaNvf
#retrojobs #electronics https://t.co/wLHZYPc0sv","2020-12-04 09:30 +0000","553.0","20.0","0.03616636528028933","3.0","1.0","4.0","0.0","0.0","0.0","0.0","0.0","0","0","0","0","0","12","12","-","-","-","-","-","-","-","-","-","-","-","-","-","-","-","-","-","-"
"1334769562416508930","https://twitter.com/OldTechAdverts/status/1334769562416508930","FPGA are notorious for running hot. So hot it can cook a sausage. (not really) but it is not really applicable for products that are designed for batteries.
https://t.co/CwZRv5nYco
#electronics #retrotech https://t.co/ObdAQw0XJF","2020-12-04 08:00 +0000","331.0","28.0","0.08459214501510574","2.0","1.0","1.0","2.0","1.0","0.0","2.0","0.0","0","0","0","0","0","19","19","-","-","-","-","-","-","-","-","-","-","-","-","-","-","-","-","-","-"
"1334648638203629568","https://twitter.com/OldTechAdverts/status/1334648638203629568","A double page adverts for the #Atari520ST. Which one is your favourite program on this list. Tai Pan graphic adventure is pretty fun to play.
https://t.co/5p1tputZPF
#retrocomputing #retrogames #16bitlove https://t.co/6gPA7Cel1i","2020-12-04 00:00 +0000","727.0","70.0","0.09628610729023383","2.0","1.0","11.0","2.0","0.0","0.0","12.0","0.0","0","0","0","0","0","42","42","-","-","-","-","-","-","-","-","-","-","-","-","-","-","-","-","-","-"
"1334588417448046595","https://twitter.com/OldTechAdverts/status/1334588417448046595","Audio equipment from Mitshubishi is a surprise. Looks like the full package. Anyone know how good it sounded? 
https://t.co/9D4xuKVlVe
#retroaudio #retrotech #audiophile https://t.co/NEkTgB12Kw","2020-12-03 20:00 +0000","385.0","33.0","0.08571428571428572","1.0","1.0","6.0","0.0","2.0","0.0","8.0","0.0","0","0","0","0","0","15","15","-","-","-","-","-","-","-","-","-","-","-","-","-","-","-","-","-","-"
"1334543292034379777","https://twitter.com/OldTechAdverts/status/1334543292034379777","Speakers specially for car doors. It is designed for slim installation on the inside of the car door or the centre console. 
https://t.co/9D4xuKVlVe
#retroaudio #retrotech #audiophile https://t.co/0BfIICGbSs","2020-12-03 17:01 +0000","362.0","26.0","0.0718232044198895","1.0","1.0","4.0","0.0","0.0","0.0","2.0","0.0","0","0","0","0","0","18","18","-","-","-","-","-","-","-","-","-","-","-","-","-","-","-","-","-","-"
"1334429732562198529","https://twitter.com/OldTechAdverts/status/1334429732562198529","Tapes from @tdklambda. TDK tapes are known for its good quality. Comes with a lifeime warranty.
https://t.co/9D4xuKVlVe
#retroaudio #retrotech #audiophile https://t.co/yAR1dW4bcl","2020-12-03 09:30 +0000","315.0","21.0","0.06666666666666667","1.0","1.0","5.0","1.0","1.0","0.0","2.0","0.0","0","0","0","0","0","10","10","-","-","-","-","-","-","-","-","-","-","-","-","-","-","-","-","-","-"
"1334407043688632320","https://twitter.com/OldTechAdverts/status/1334407043688632320","Turntables from @technics. Vinyl turntables are a rare audio component these days. 
https://t.co/JmmVcEGMYc
#retroaudio #retrotech #audiophile https://t.co/9Xl88bm7HM","2020-12-03 08:00 +0000","295.0","19.0","0.06440677966101695","1.0","0.0","2.0","1.0","1.0","0.0","0.0","0.0","0","0","0","0","0","14","14","-","-","-","-","-","-","-","-","-","-","-","-","-","-","-","-","-","-"
"1334286306613063682","https://twitter.com/OldTechAdverts/status/1334286306613063682","Speakers from @Bose, I really love the wood grain design back in the day. These set have innovative to account for reflective audio in a room. 
https://t.co/JmmVcEGMYc
#retroaudio #retrotech #audiophile https://t.co/dDZGgtwOrp","2020-12-03 00:00 +0000","402.0","27.0","0.06716417910447761","2.0","0.0","4.0","1.0","0.0","0.0","1.0","0.0","0","0","0","0","0","19","19","-","-","-","-","-","-","-","-","-","-","-","-","-","-","-","-","-","-"
"1334265077105651713","https://twitter.com/OldTechAdverts/status/1334265077105651713","@CommodoreBlog @graemeknows Paul is the mini Chevy, or Chevy is the big Paul.","2020-12-02 22:35 +0000","88.0","2.0","0.022727272727272728","0.0","1.0","1.0","0.0","0.0","0.0","0.0","0.0","0","0","0","0","0","0","0","-","-","-","-","-","-","-","-","-","-","-","-","-","-","-","-","-","-"
"1334264430620766209","https://twitter.com/OldTechAdverts/status/1334264430620766209","@drizham @dosnostalgic Yes. Back in the early 90s. Long time ago.","2020-12-02 22:33 +0000","13.0","2.0","0.15384615384615385","0.0","0.0","1.0","1.0","0.0","0.0","0.0","0.0","0","0","0","0","0","0","0","-","-","-","-","-","-","-","-","-","-","-","-","-","-","-","-","-","-"
"1334260830402195458","https://twitter.com/OldTechAdverts/status/1334260830402195458","@drizham @dosnostalgic Same here. It started with Pascal, Modular-2, Assembler and finally C in fourth year.","2020-12-02 22:19 +0000","90.0","4.0","0.044444444444444446","0.0","1.0","1.0","0.0","0.0","0.0","2.0","0.0","0","0","0","0","0","0","0","-","-","-","-","-","-","-","-","-","-","-","-","-","-","-","-","-","-"
"1334256749809954817","https://twitter.com/OldTechAdverts/status/1334256749809954817","Who wants to press a button to give it more thrust?
#moonlander #retrogames https://t.co/5NWdpkEbEH","2020-12-02 22:02 +0000","404.0","4.0","0.009900990099009901","1.0","0.0","2.0","0.0","0.0","0.0","1.0","0.0","0","0","0","0","0","0","0","-","-","-","-","-","-","-","-","-","-","-","-","-","-","-","-","-","-"
"1334255782301470720","https://twitter.com/OldTechAdverts/status/1334255782301470720","@tj_arnold1968 The only ones I had trouble with was when I first used the notcher. I failed to notch the disk on the right edge. But the disk media itself were fine.","2020-12-02 21:59 +0000","49.0","3.0","0.061224489795918366","0.0","1.0","1.0","0.0","0.0","0.0","1.0","0.0","0","0","0","0","0","0","0","-","-","-","-","-","-","-","-","-","-","-","-","-","-","-","-","-","-"
"1334254600677888005","https://twitter.com/OldTechAdverts/status/1334254600677888005","I really love this gadget. It saved me lots of money back in the day. #retrocomputing https://t.co/YOItOUOp1Z","2020-12-02 21:54 +0000","359.0","12.0","0.033426183844011144","0.0","1.0","6.0","0.0","0.0","0.0","5.0","0.0","0","0","0","0","0","0","0","-","-","-","-","-","-","-","-","-","-","-","-","-","-","-","-","-","-"
"1334253412981092356","https://twitter.com/OldTechAdverts/status/1334253412981092356","@dosnostalgic That's a colourful advert!","2020-12-02 21:49 +0000","71.0","0.0","0.0","0.0","0.0","0.0","0.0","0.0","0.0","0.0","0.0","0","0","0","0","0","0","0","-","-","-","-","-","-","-","-","-","-","-","-","-","-","-","-","-","-"
"1334226510136434691","https://twitter.com/OldTechAdverts/status/1334226510136434691","Speakers from @KossHeadphones has a great design. The wood grain front panel looks super high end. Hearing is believing.
https://t.co/JmmVcEGMYc
#retroaudio #retrotech #audiophile https://t.co/vZ9Njv6HW7","2020-12-02 20:02 +0000","403.0","36.0","0.08933002481389578","2.0","1.0","6.0","1.0","0.0","1.0","4.0","0.0","0","0","0","0","0","21","21","-","-","-","-","-","-","-","-","-","-","-","-","-","-","-","-","-","-"
"1334180543408336896","https://twitter.com/OldTechAdverts/status/1334180543408336896","Stereo receivers from Rotel. They make really solid equipment. I still have its amplifiers in my living room after 25 years. Rotel started in Japan over 50 years ago.
https://t.co/JmmVcEGMYc
#retroaudio #retrotech #audiophile https://t.co/LvpNjhNpBG","2020-12-02 17:00 +0000","251.0","12.0","0.04780876494023904","0.0","0.0","2.0","1.0","0.0","0.0","1.0","0.0","0","0","0","0","0","8","8","-","-","-","-","-","-","-","-","-","-","-","-","-","-","-","-","-","-"
"1334067305744130048","https://twitter.com/OldTechAdverts/status/1334067305744130048","Headphones and pickup from @AKGaudio. AKG #headphones has an mystical aura about it. Also has a great look and feel to it.
https://t.co/JmmVcEGMYc
#retroaudio #retrotech #audiophile https://t.co/UL4wh7FvN8","2020-12-02 09:30 +0000","267.0","17.0","0.06367041198501873","2.0","1.0","2.0","0.0","1.0","0.0","1.0","0.0","0","0","0","0","0","10","10","-","-","-","-","-","-","-","-","-","-","-","-","-","-","-","-","-","-"
"1334044646868127744","https://twitter.com/OldTechAdverts/status/1334044646868127744","Stereo receiver decks from @JVC_USA. 3 options to choose from. All of them have a 5 band equiliser. Most powerful is 120w per channel. That is pretty loud.
https://t.co/JmmVcEGMYc
#retroaudio #retrotech https://t.co/z10mWLbmyS","2020-12-02 08:00 +0000","310.0","20.0","0.06451612903225806","2.0","1.0","4.0","0.0","0.0","0.0","0.0","0.0","0","0","0","0","0","13","13","-","-","-","-","-","-","-","-","-","-","-","-","-","-","-","-","-","-"
"1333923947319091201","https://twitter.com/OldTechAdverts/status/1333923947319091201","MEMS from Melexis is an amazing device. It is a gyroscope device in a really small package. It detects orientation and movements. Couple it with a GPS system for a really robust system. 
https://t.co/rM3BH7Y0Fc
#electronics #retrotech https://t.co/kRWcULw18f","2020-12-02 00:00 +0000","441.0","21.0","0.047619047619047616","1.0","2.0","3.0","0.0","3.0","0.0","5.0","0.0","0","0","0","0","0","7","7","-","-","-","-","-","-","-","-","-","-","-","-","-","-","-","-","-","-"
"1333863509034225665","https://twitter.com/OldTechAdverts/status/1333863509034225665","At about 2006 was when #Tektronics started to transition to GUI style of scopes. I was surprised that it was based on the embedded Windows. 
https://t.co/1QMziCXk4x
#electronics #retrotech https://t.co/8QT0zRDh61","2020-12-01 20:00 +0000","388.0","27.0","0.06958762886597938","2.0","0.0","2.0","0.0","1.0","0.0","3.0","0.0","0","0","0","0","0","19","19","-","-","-","-","-","-","-","-","-","-","-","-","-","-","-","-","-","-"
"1333853369744633861","https://twitter.com/OldTechAdverts/status/1333853369744633861","@HejM0 So I guess your hustle worked out üí™! Congrats.","2020-12-01 19:19 +0000","95.0","2.0","0.021052631578947368","0.0","1.0","1.0","0.0","0.0","0.0","0.0","0.0","0","0","0","0","0","0","0","-","-","-","-","-","-","-","-","-","-","-","-","-","-","-","-","-","-"
"1333818253349687299","https://twitter.com/OldTechAdverts/status/1333818253349687299","National Instruments LabView is quite ingrained in the test automation market. It does a good job and has good integration to other vendors.
https://t.co/maVVNzxWi1
#electronics #retrotech https://t.co/DWJ3a7uG9E","2020-12-01 17:00 +0000","389.0","11.0","0.028277634961439587","2.0","0.0","3.0","1.0","1.0","0.0","1.0","0.0","0","0","0","0","0","3","3","-","-","-","-","-","-","-","-","-","-","-","-","-","-","-","-","-","-"
"1333704900598001664","https://twitter.com/OldTechAdverts/status/1333704900598001664","PSPICE simulates your analog circuitry pretty accurately, if your model is right. Most semiconductor manufacturer creates models and make them available freely. You can get to a matured design even before the PCB is made.
https://t.co/j1U1HGnvvy
#electronics #retortech https://t.co/mmbdjlDFrG","2020-12-01 09:30 +0000","292.0","8.0","0.0273972602739726","1.0","0.0","1.0","0.0","0.0","0.0","0.0","0.0","0","0","0","0","0","6","6","-","-","-","-","-","-","-","-","-","-","-","-","-","-","-","-","-","-"
"1333682331253673984","https://twitter.com/OldTechAdverts/status/1333682331253673984","Linear Technology with their small module DC / DC converter, with up to 12A capacity. These are great for systems not having a reliable battery supplies.
https://t.co/W0BxKr6a8t
#electronics #retrotech https://t.co/za4OBHApjy","2020-12-01 08:00 +0000","714.0","3.0","0.004201680672268907","0.0","0.0","0.0","0.0","0.0","0.0","0.0","0.0","0","0","0","0","0","3","3","-","-","-","-","-","-","-","-","-","-","-","-","-","-","-","-","-","-"
"1333561474384588802","https://twitter.com/OldTechAdverts/status/1333561474384588802","The VW wagon is so big it can fit a calf in the back. Wonder if the fuel economy is just as good with a calf in the back. 
https://t.co/VyWYRnjOuo
#retrocartech https://t.co/dmpAkjTwhk","2020-12-01 00:00 +0000","380.0","50.0","0.13157894736842105","1.0","2.0","4.0","0.0","2.0","0.0","1.0","0.0","0","0","0","0","0","40","40","-","-","-","-","-","-","-","-","-","-","-","-","-","-","-","-","-","-"
